CREATE DATABASE FINALTEST;
GO;
USE FINALTEST;

CREATE TABLE AIRPLANE(
REGNO VARCHAR(225) NOT NULL,
A_TYPE VARCHAR(225) NOT NULL,
TOTAL_SEAT INT,
CONSTRAINT REGNO_PK PRIMARY KEY (REGNO));

CREATE TABLE FLIGHT(
FLIGHTNO VARCHAR(225),
REGNO VARCHAR(225),
F_ROUTE VARCHAR(225),
DEPT_TIME TIME,
ARR_TIME TIME,
DEPT_DATE DATE,
ARR_DATE DATE,
CONSTRAINT FLIGHTNO_PK PRIMARY KEY (FLIGHTNO),
CONSTRAINT REGNO_FK FOREIGN KEY (REGNO) REFERENCES AIRPLANE(REGNO));

CREATE TABLE AIRPORT(
A_ID VARCHAR(225) NOT NULL,
COUNTRY VARCHAR(225),
CITY VARCHAR(225),
FLIGHTNO VARCHAR(225),
CONSTRAINT FLIGHTNO_FK FOREIGN KEY (FLIGHTNO) REFERENCES FLIGHT(FLIGHTNO));

CREATE TABLE CABIN_CREW(
C_ID VARCHAR(225) NOT NULL,
CAPTAIN_NAME VARCHAR(225) NOT NULL,
FLIGHTNO VARCHAR(225),
CONSTRAINT FLIGHT_NO_FK FOREIGN KEY (FLIGHTNO) REFERENCES FLIGHT(FLIGHTNO));

CREATE TABLE BOOKING_OFFICE(
OFFICE_ID VARCHAR(225),
OFFICE_NAME VARCHAR(225),
FLIGHTNO VARCHAR(225),
CONSTRAINT OFFICEID_PK PRIMARY KEY (OFFICE_ID),
CONSTRAINT FLIGHT_NOO_FK FOREIGN KEY (FLIGHTNO) REFERENCES FLIGHT(FLIGHTNO));


CREATE TABLE TICKET(
TICKETNO VARCHAR(225) NOT NULL,
CLASS_TYPE VARCHAR(225) CHECK(CLASS_TYPE IN ('ECONOMY CLASS', 'BUSINESS CLASS','PRIVATE CLASS')),
SEATNO VARCHAR(225) NOT NULL,
OFFICE_ID VARCHAR(225),
PAYMENT_DATE DATE,
PAYMENT_TIME TIME,
CONSTRAINT TICKETNO_PK PRIMARY KEY (TICKETNO),
CONSTRAINT OFFICEID_FK FOREIGN KEY (OFFICE_ID) REFERENCES BOOKING_OFFICE(OFFICE_ID));


CREATE TABLE CLASS_TYPE(
OFFICE_ID VARCHAR(225),
FLIGHTNO VARCHAR(225),
CLASS_TYPE VARCHAR(225) CHECK(CLASS_TYPE IN ('ECONOMY CLASS', 'BUSINESS CLASS','PRIVATE CLASS')),
C_TYPE_ID VARCHAR(225),
CONSTRAINT CTYPEID_PK PRIMARY KEY (C_TYPE_ID),
CONSTRAINT OFFICE_ID_FK FOREIGN KEY (OFFICE_ID) REFERENCES BOOKING_OFFICE(OFFICE_ID));


CREATE TABLE FARE(
C_TYPE_ID VARCHAR(225),
COST VARCHAR(225),
OPERATION_COST VARCHAR(225),
FINAL_PRICE VARCHAR(225),
CONSTRAINT CTYPEID_FK FOREIGN KEY (C_TYPE_ID) REFERENCES CLASS_TYPE(C_TYPE_ID));


CREATE TABLE PASSENGER_A(
P_ID_A INT NOT NULL,
P_NAME VARCHAR(225) NOT NULL,
AGE INT NOT NULL,
GENDER VARCHAR(225) CHECK(GENDER IN ('MALE', 'FEMALE')),
CONTACT_NUM VARCHAR(225) NOT NULL,
EMAIL VARCHAR(225) NOT NULL,
CITY VARCHAR(225) NOT NULL,
TICKETNO VARCHAR(225) NOT NULL,
CONSTRAINT P_ID_A_PK PRIMARY KEY (P_ID_A),
CONSTRAINT TICKETNO_FK FOREIGN KEY (TICKETNO) REFERENCES TICKET(TICKETNO));

CREATE TABLE PASSENGER_C(
P_ID INT NOT NULL,
P_NAME VARCHAR(225) NOT NULL,
AGE INT NOT NULL,
GENDER VARCHAR(225) CHECK(GENDER IN ('MALE', 'FEMALE')),
P_ID_A INT NOT NULL,
CITY VARCHAR(225) NOT NULL,
TICKETNO VARCHAR(225) NOT NULL,
CONSTRAINT TICKET_NO_FK FOREIGN KEY (TICKETNO) REFERENCES TICKET(TICKETNO),
CONSTRAINT P_ID_A_FK FOREIGN KEY (P_ID_A) REFERENCES PASSENGER_A(P_ID_A));

CREATE TABLE TOTAL_PASSENGER(
P_ID INT NOT NULL,
P_NAME VARCHAR(225) NOT NULL,
AGE INT NOT NULL,
GENDER VARCHAR(225) CHECK(GENDER IN ('MALE', 'FEMALE')),
CITY VARCHAR(225) NOT NULL,
TICKETNO VARCHAR(225) NOT NULL,
CONSTRAINT TICKET_N_O_FK FOREIGN KEY (TICKETNO) REFERENCES TICKET(TICKETNO));


----INSERT INFO
INSERT INTO AIRPLANE(REGNO,A_TYPE,TOTAL_SEAT) VALUES
('A1', 'BOMBARDIER CRJ-900', 86),
('A2', 'EMBRAER 175', 86),
('B1', 'AERITALIA ATR-72', 71),
('B2', 'ANTONOV 140', 65),
('C1', 'PRIVATE JET', 10);

INSERT INTO FLIGHT(FLIGHTNO,REGNO,F_ROUTE,DEPT_TIME,ARR_TIME,DEPT_DATE,ARR_DATE) VALUES
('MN911','A2','MANILA - HANOI','00:40','04:10','2023/09/11','2023/09/11'),
('HN209','A1','HANOI - HO CHI MINH CITY','01:15','03:30','2023/09/20','2023/09/20'),
('QZ670','A2','QUEZON - JAKARTA','04:20','08:30','2023/09/27','2023/09/27'),
('JK908', 'B2', 'JAKARTA - MANILA', '06:00', '10:20', '2023/10/08', '2023/10/08'),
('SB304', 'C1', 'SURABAYA - HANOI', '09:10', '16:30', '2023/10/30', '2023/10/30'),
('SG370', 'B1', 'HO CHI MINH CITY - QUEZON', '12:45', '15:50', '2023/11/03', '2023/11/03');

INSERT INTO AIRPORT(A_ID,COUNTRY,CITY,FLIGHTNO) VALUES
('VN-HCM', 'VIETNAM', 'HO CHI MINH','SG370'),
('VN-HN','VIETNAM','	HANOI','HN209'),
('PH-MNL','PHILIPPINES','MANILA','MN911'),
('PH-QZ','PHILIPPINES','QUEZON','QZ670'),
('IDN-JKT','INDONESIA','JAKARTA','JK908'),
('IDN-SRB','INDONESIA','SURBAYA','SB304');

 INSERT INTO CABIN_CREW(C_ID,CAPTAIN_NAME,FLIGHTNO) VALUES 
 ('C100','SOPHIA NGUYEN','MN911'),
 ('C101','MICHALE GARCIA','SG370'),
 ('C102','ISABELLA BROWN','JK908'),
 ('C103','ETHAN LEE','SB304'),
 ('C104','OLIVIA PATEL','QZ670'),
 ('C105','ALEX WONG','HN209');

INSERT INTO BOOKING_OFFICE(OFFICE_ID,OFFICE_NAME,FLIGHTNO) VALUES
('MNLOBO','MANILA BOOKING OFFICE','MN911'),
('HNOBO','HANOI BOOKING OFFICE','HN209'),
('HCMOBO','HOCHIMINH BOOKING OFFICE','SG370'),
('JKTOBO','JAKARTA BOOKING OFFICE','JK908'),
('SRBOBO','SURABAYA BOOKING OFFICE','SB304'),
('QZOBO','QUEZON BOOKING OFFICE','QZ670');

INSERT INTO CLASS_TYPE(OFFICE_ID,FLIGHTNO,CLASS_TYPE,C_TYPE_ID) VALUES
('MNLOBO','MN911','ECONOMY CLASS','ECMN'),
('MNLOBO', 'MN911', 'BUSINESS CLASS', 'BCMN'),
('MNLOBO', 'MN911', 'PRIVATE CLASS', 'PCMN'),
('HNOBO', 'HN209', 'ECONOMY CLASS', 'ECHN'),
('HNOBO', 'HN209', 'BUSINESS CLASS', 'BCHN'),
('HNOBO', 'HN209', 'PRIVATE CLASS', 'PCHN'),
('HCMOBO', 'SG370', 'ECONOMY CLASS', 'ECHC'),
('HCMOBO', 'SG370', 'BUSINESS CLASS', 'BCHC'),
('HCMOBO', 'SG370', 'PRIVATE CLASS', 'PCHC'),
('JKTOBO', 'JK908', 'ECONOMY CLASS', 'ECJK'),
('JKTOBO', 'JK908', 'BUSINESS CLASS', 'BCJK'),
('JKTOBO', 'JK908', 'PRIVATE CLASS', 'PCJK'),
('SRBOBO', 'SB304', 'ECONOMY CLASS', 'ECSR'),
('SRBOBO', 'SB304', 'BUSINESS CLASS', 'BCSR'),
('SRBOBO', 'SB304', 'PRIVATE CLASS', 'PCSR'),
('QZOBO', 'QZ670', 'ECONOMY CLASS', 'ECQZ'),
('QZOBO', 'QZ670', 'BUSINESS CLASS', 'BCQZ'),
('QZOBO', 'QZ670', 'PRIVATE CLASS', 'PCQZ');

INSERT INTO FARE(C_TYPE_ID,COST,OPERATION_COST,FINAL_PRICE) VALUES
('ECMN',240,60,	300),
('BCMN', 540, 135, 675),
('PCMN', 2040, 510, 2550),
('ECHN', 200, 50, 250),
('BCHN', 360, 90, 450),
('PCHN', 3040, 760, 3800),
('ECHC', 240, 60, 300),
('BCHC', 520, 130, 650),
('PCHC', 2040, 510, 2550),
('ECJK', 400, 100, 500),
('BCJK', 740, 185, 925),
('PCJK', 3840, 960, 4800),
('ECSR', 340, 85, 425),
('BCSR', 640, 160, 800),
('PCSR', 5240, 1310, 6550),
('ECQZ', 240, 60, 300),
('BCQZ', 920, 230, 1150),
('PCQZ', 3640, 910, 4550);

INSERT INTO TICKET (TICKETNO,CLASS_TYPE,SEATNO,OFFICE_ID,PAYMENT_DATE, PAYMENT_TIME) VALUES
('TICKET-001', 'ECONOMY CLASS', '1A', 'HNOBO', '2023/09/01', '00:00'),
('TICKET-002', 'ECONOMY CLASS', '1B', 'QZOBO', '2023/09/02', '01:00'),
('TICKET-003', 'ECONOMY CLASS', '1C', 'QZOBO', '2023/09/03', '02:00'),
('TICKET-004', 'ECONOMY CLASS', '1D', 'MNLOBO', '2023/09/04', '03:00'),
('TICKET-005', 'ECONOMY CLASS', '2A', 'HNOBO', '2023/09/05', '04:00'),
('TICKET-006', 'ECONOMY CLASS', '2B', 'HNOBO', '2023/09/06', '05:00'),
('TICKET-007', 'ECONOMY CLASS', '2C', 'QZOBO', '2023/09/07', '06:00'),
('TICKET-008', 'ECONOMY CLASS', '2D', 'SRBOBO', '2023/09/08', '07:00'),
('TICKET-009', 'ECONOMY CLASS', '3A', 'QZOBO', '2023/09/09', '08:00'),
('TICKET-010', 'ECONOMY CLASS', '3B', 'JKTOBO', '2023/09/10', '09:00'),
('TICKET-011', 'ECONOMY CLASS', '3C', 'SRBOBO', '2023/09/11', '10:00'),
('TICKET-012', 'ECONOMY CLASS', '3D', 'HCMOBO', '2023/09/12', '11:00'),
('TICKET-013', 'ECONOMY CLASS', '4A', 'HCMOBO', '2023/09/13', '12:00'),
('TICKET-014', 'ECONOMY CLASS', '4B', 'JKTOBO', '2023/09/14', '13:00'),
('TICKET-015', 'ECONOMY CLASS', '4C', 'HNOBO', '2023/09/15', '14:00'),
('TICKET-016', 'ECONOMY CLASS', '4D', 'MNLOBO', '2023/09/16', '15:00'),
('TICKET-017', 'ECONOMY CLASS', '5A', 'MNLOBO', '2023/09/17', '16:00'),
('TICKET-018', 'ECONOMY CLASS', '5B', 'JKTOBO', '2023/09/18', '17:00'),
('TICKET-019', 'ECONOMY CLASS', '5C', 'HCMOBO', '2023/09/19', '18:00'),
('TICKET-020', 'ECONOMY CLASS', '5D', 'MNLOBO', '2023/09/20', '19:00'),
('TICKET-021', 'ECONOMY CLASS', '6A', 'SRBOBO', '2023/09/21', '20:00'),
('TICKET-022', 'ECONOMY CLASS', '6B', 'HCMOBO', '2023/09/22', '21:00'),
('TICKET-023', 'ECONOMY CLASS', '6C', 'HCMOBO', '2023/09/23', '22:00'),
('TICKET-024', 'ECONOMY CLASS', '6D', 'SRBOBO', '2023/09/24', '23:00'),
('TICKET-025', 'ECONOMY CLASS', '7A', 'MNLOBO', '2023/09/25', '00:10'),
('TICKET-026', 'ECONOMY CLASS', '7B', 'HNOBO', '2023/09/26', '01:10'),
('TICKET-027', 'ECONOMY CLASS', '7C', 'HNOBO', '2023/09/27', '02:10'),
('TICKET-028', 'ECONOMY CLASS', '7D', 'HNOBO', '2023/09/28', '03:10'),
('TICKET-029', 'ECONOMY CLASS', '8A', 'MNLOBO', '2023/09/29', '04:10'),
('TICKET-030', 'ECONOMY CLASS', '8B', 'JKTOBO', '2023/09/30', '05:10'),
('TICKET-031', 'ECONOMY CLASS', '8C', 'JKTOBO', '2023/10/01', '06:10'),
('TICKET-032', 'ECONOMY CLASS', '8D', 'QZOBO', '2023/10/02', '07:10'),
('TICKET-033', 'ECONOMY CLASS', '9A', 'QZOBO', '2023/10/03', '08:10'),
('TICKET-034', 'ECONOMY CLASS', '9B', 'HNOBO', '2023/10/04', '09:10'),
('TICKET-035', 'ECONOMY CLASS', '9C', 'JKTOBO', '2023/10/05', '10:10'),
('TICKET-036', 'ECONOMY CLASS', '9D', 'JKTOBO', '2023/10/06', '11:10'),
('TICKET-037', 'ECONOMY CLASS', '10A', 'HNOBO', '2023/10/07', '12:10'),
('TICKET-038', 'ECONOMY CLASS', '10B', 'MNLOBO', '2023/10/08', '13:10'),
('TICKET-039', 'ECONOMY CLASS', '10C', 'JKTOBO', '2023/10/09', '14:10'),
('TICKET-040', 'ECONOMY CLASS', '10D', 'QZOBO', '2023/10/10', '15:10'),
('TICKET-041', 'ECONOMY CLASS', '11A', 'HNOBO', '2023/10/11', '16:10'),
('TICKET-042', 'ECONOMY CLASS', '11B', 'HNOBO', '2023/10/12', '17:10'),
('TICKET-043', 'ECONOMY CLASS', '11C', 'SRBOBO', '2023/10/13', '18:10'),
('TICKET-044', 'ECONOMY CLASS', '11D', 'QZOBO', '2023/10/14', '19:10'),
('TICKET-045', 'ECONOMY CLASS', '12A', 'QZOBO', '2023/10/15', '20:10'),
('TICKET-046', 'ECONOMY CLASS', '12B', 'HCMOBO', '2023/10/16', '21:10'),
('TICKET-047', 'ECONOMY CLASS', '12C', 'MNLOBO', '2023/10/17', '22:10'),
('TICKET-048', 'ECONOMY CLASS', '12D', 'MNLOBO', '2023/10/18', '23:10'),
('TICKET-049', 'ECONOMY CLASS', '13A', 'HCMOBO', '2023/10/19', '00:20'),
('TICKET-050', 'ECONOMY CLASS', '13B', 'JKTOBO', '2023/10/20', '01:20'),
('TICKET-051', 'ECONOMY CLASS', '13C', 'JKTOBO', '2023/10/21', '02:20'),
('TICKET-052', 'ECONOMY CLASS', '13D', 'MNLOBO', '2023/10/22', '03:20'),
('TICKET-053', 'ECONOMY CLASS', '14A', 'QZOBO', '2023/10/23', '04:20'),
('TICKET-054', 'ECONOMY CLASS', '14B', 'JKTOBO', '2023/10/24', '05:20'),
('TICKET-055', 'ECONOMY CLASS', '14C', 'HCMOBO', '2023/10/25', '06:20'),
('TICKET-056', 'ECONOMY CLASS', '14D', 'HCMOBO', '2023/10/26', '07:20'),
('TICKET-057', 'ECONOMY CLASS', '15A', 'HCMOBO', '2023/10/27', '08:20'),
('TICKET-058', 'ECONOMY CLASS', '15B', 'HCMOBO', '2023/10/28', '09:20'),
('TICKET-059', 'ECONOMY CLASS', '15C', 'MNLOBO', '2023/10/29', '10:20'),
('TICKET-060', 'ECONOMY CLASS', '15D', 'SRBOBO', '2023/10/30', '11:20'),
('TICKET-061', 'ECONOMY CLASS', '16A', 'QZOBO', '2023/10/31', '12:20'),
('TICKET-062', 'ECONOMY CLASS', '16B', 'SRBOBO', '2023/11/01', '13:20'),
('TICKET-063', 'ECONOMY CLASS', '16C', 'HCMOBO', '2023/11/02', '14:20'),
('TICKET-064', 'ECONOMY CLASS', '16D', 'SRBOBO', '2023/11/03', '15:20'),
('TICKET-065', 'ECONOMY CLASS', '17A', 'JKTOBO', '2023/11/04', '16:20'),
('TICKET-066', 'ECONOMY CLASS', '17B', 'MNLOBO', '2023/11/05', '17:20'),
('TICKET-067', 'ECONOMY CLASS', '17C', 'QZOBO', '2023/11/06', '18:20'),
('TICKET-068', 'ECONOMY CLASS', '17D', 'JKTOBO', '2023/11/07', '19:20'),
('TICKET-069', 'ECONOMY CLASS', '18A', 'HCMOBO', '2023/11/08', '20:20'),
('TICKET-070', 'ECONOMY CLASS', '18B', 'SRBOBO', '2023/11/09', '21:20'),
('TICKET-071', 'ECONOMY CLASS', '18C', 'MNLOBO', '2023/11/10', '22:20'),
('TICKET-072', 'ECONOMY CLASS', '18D', 'QZOBO', '2023/11/11', '23:20'),
('TICKET-073', 'ECONOMY CLASS', '19A', 'SRBOBO', '2023/11/12', '00:30'),
('TICKET-074', 'ECONOMY CLASS', '19B', 'QZOBO', '2023/11/13', '01:30'),
('TICKET-075', 'ECONOMY CLASS', '19C', 'QZOBO', '2023/11/14', '02:30'),
('TICKET-076', 'ECONOMY CLASS', '19D', 'QZOBO', '2023/11/15', '03:30'),
('TICKET-077', 'ECONOMY CLASS', '20A', 'HNOBO', '2023/11/16', '04:30'),
('TICKET-078', 'ECONOMY CLASS', '20B', 'HNOBO', '2023/11/17', '05:30'),
('TICKET-079', 'ECONOMY CLASS', '20C', 'HNOBO', '2023/11/18', '06:30'),
('TICKET-080', 'ECONOMY CLASS', '20D', 'HNOBO', '2023/11/19', '07:30'),
('TICKET-081', 'ECONOMY CLASS', '21A', 'HNOBO', '2023/11/20', '08:30'),
('TICKET-082', 'ECONOMY CLASS', '21B', 'HCMOBO', '2023/11/21', '09:30'),
('TICKET-083', 'ECONOMY CLASS', '21C', 'HNOBO', '2023/11/22', '10:30'),
('TICKET-084', 'ECONOMY CLASS', '21D', 'HCMOBO', '2023/11/23', '11:30'),
('TICKET-085', 'ECONOMY CLASS', '22A', 'HNOBO', '2023/11/24', '12:30'),
('TICKET-086', 'ECONOMY CLASS', '22B', 'MNLOBO', '2023/11/25', '13:30'),
('TICKET-087', 'ECONOMY CLASS', '22C', 'SRBOBO', '2023/11/26', '14:30'),
('TICKET-088', 'ECONOMY CLASS', '22D', 'QZOBO', '2023/11/27', '15:30'),
('TICKET-089', 'ECONOMY CLASS', '23A', 'JKTOBO', '2023/11/28', '16:30'),
('TICKET-090', 'ECONOMY CLASS', '23B', 'QZOBO', '2023/11/29', '17:30'),
('TICKET-091', 'ECONOMY CLASS', '23C', 'HCMOBO', '2023/11/30', '18:30'),
('TICKET-092', 'ECONOMY CLASS', '23D', 'JKTOBO', '2023/09/01', '19:30'),
('TICKET-093', 'ECONOMY CLASS', '24A', 'HCMOBO', '2023/09/02', '20:30'),
('TICKET-094', 'ECONOMY CLASS', '24B', 'SRBOBO', '2023/09/03', '21:30'),
('TICKET-095', 'ECONOMY CLASS', '24C', 'SRBOBO', '2023/09/04', '22:30'),
('TICKET-096', 'ECONOMY CLASS', '24D', 'QZOBO', '2023/09/05', '23:30'),
('TICKET-097', 'ECONOMY CLASS', '25A', 'HNOBO', '2023/09/06', '00:40'),
('TICKET-098', 'ECONOMY CLASS', '25B', 'MNLOBO', '2023/09/07', '01:40'),
('TICKET-099', 'ECONOMY CLASS', '25C', 'HCMOBO', '2023/09/08', '02:40'),
('TICKET-100', 'ECONOMY CLASS', '25D', 'MNLOBO', '2023/09/09', '03:40'),
('TICKET-101', 'ECONOMY CLASS', '26A', 'MNLOBO', '2023/09/10', '04:40'),
('TICKET-102', 'ECONOMY CLASS', '26B', 'HNOBO', '2023/09/11', '05:40'),
('TICKET-103', 'ECONOMY CLASS', '26C', 'HCMOBO', '2023/09/12', '06:40'),
('TICKET-104', 'ECONOMY CLASS', '26D', 'JKTOBO', '2023/09/13', '07:40'),
('TICKET-105', 'ECONOMY CLASS', '27A', 'HNOBO', '2023/09/14', '08:40'),
('TICKET-106', 'ECONOMY CLASS', '27B', 'MNLOBO', '2023/09/15', '09:40'),
('TICKET-107', 'ECONOMY CLASS', '27C', 'SRBOBO', '2023/09/16', '10:40'),
('TICKET-108', 'ECONOMY CLASS', '27D', 'QZOBO', '2023/09/17', '11:40'),
('TICKET-109', 'ECONOMY CLASS', '28A', 'MNLOBO', '2023/09/18', '12:40'),
('TICKET-110', 'ECONOMY CLASS', '28B', 'HCMOBO', '2023/09/19', '13:40'),
('TICKET-111', 'ECONOMY CLASS', '28C', 'HCMOBO', '2023/09/20', '14:40'),
('TICKET-112', 'ECONOMY CLASS', '28D', 'JKTOBO', '2023/09/21', '15:40'),
('TICKET-113', 'ECONOMY CLASS', '29A', 'SRBOBO', '2023/09/22', '16:40'),
('TICKET-114', 'ECONOMY CLASS', '29B', 'JKTOBO', '2023/09/23', '17:40'),
('TICKET-115', 'ECONOMY CLASS', '29C', 'MNLOBO', '2023/09/24', '18:40'),
('TICKET-116', 'ECONOMY CLASS', '29D', 'HCMOBO', '2023/09/25', '19:40'),
('TICKET-117', 'ECONOMY CLASS', '30A', 'HCMOBO', '2023/09/26', '20:40'),
('TICKET-118', 'ECONOMY CLASS', '30B', 'MNLOBO', '2023/09/27', '21:40'),
('TICKET-119', 'ECONOMY CLASS', '30C', 'MNLOBO', '2023/09/28', '22:40'),
('TICKET-120', 'ECONOMY CLASS', '30D', 'HNOBO', '2023/09/29', '23:40'),
('TICKET-121', 'ECONOMY CLASS', '31A', 'MNLOBO', '2023/09/30', '00:50'),
('TICKET-122', 'ECONOMY CLASS', '31B', 'HCMOBO', '2023/10/01', '01:50'),
('TICKET-123', 'ECONOMY CLASS', '31C', 'HCMOBO', '2023/10/02', '02:50'),
('TICKET-124', 'ECONOMY CLASS', '31D', 'MNLOBO', '2023/10/03', '03:50'),
('TICKET-125', 'ECONOMY CLASS', '32A', 'MNLOBO', '2023/10/04', '04:50'),
('TICKET-126', 'ECONOMY CLASS', '32B', 'HCMOBO', '2023/10/05', '05:50'),
('TICKET-127', 'ECONOMY CLASS', '32C', 'HNOBO', '2023/10/06', '06:50'),
('TICKET-128', 'ECONOMY CLASS', '32D', 'JKTOBO', '2023/10/07', '07:50'),
('TICKET-129', 'ECONOMY CLASS', '33A', 'HNOBO', '2023/10/08', '08:50'),
('TICKET-130', 'ECONOMY CLASS', '33B', 'MNLOBO', '2023/10/09', '09:50'),
('TICKET-131', 'ECONOMY CLASS', '33C', 'HNOBO', '2023/10/10', '10:50'),
('TICKET-132', 'ECONOMY CLASS', '33D', 'QZOBO', '2023/10/11', '11:50'),
('TICKET-133', 'ECONOMY CLASS', '34A', 'HNOBO', '2023/10/12', '12:50'),
('TICKET-134', 'ECONOMY CLASS', '34B', 'SRBOBO', '2023/10/13', '13:50'),
('TICKET-135', 'ECONOMY CLASS', '34C', 'HCMOBO', '2023/10/14', '14:50'),
('TICKET-136', 'ECONOMY CLASS', '34D', 'HCMOBO', '2023/10/15', '15:50'),
('TICKET-137', 'BUSINESS CLASS', '1A', 'HCMOBO', '2023/10/16', '16:50'),
('TICKET-138', 'BUSINESS CLASS', '1B', 'HNOBO', '2023/10/17', '17:50'),
('TICKET-139', 'BUSINESS CLASS', '1C', 'HCMOBO', '2023/10/18', '18:50'),
('TICKET-140', 'BUSINESS CLASS', '1D', 'HNOBO', '2023/10/19', '19:50'),
('TICKET-141', 'BUSINESS CLASS', '2A', 'HCMOBO', '2023/10/20', '20:50'),
('TICKET-142', 'BUSINESS CLASS', '2B', 'HNOBO', '2023/10/21', '21:50'),
('TICKET-143', 'BUSINESS CLASS', '2C', 'HNOBO', '2023/10/22', '22:50'),
('TICKET-144', 'BUSINESS CLASS', '2D', 'HCMOBO', '2023/10/23', '23:50'),
('TICKET-145', 'BUSINESS CLASS', '3A', 'HCMOBO', '2023/10/24', '00:05'),
('TICKET-146', 'BUSINESS CLASS', '3B', 'HNOBO', '2023/10/25', '01:05'),
('TICKET-147', 'BUSINESS CLASS', '3C', 'HCMOBO', '2023/10/26', '02:05'),
('TICKET-148', 'BUSINESS CLASS', '3D', 'HNOBO', '2023/10/27', '03:05'),
('TICKET-149', 'BUSINESS CLASS', '4A', 'HNOBO', '2023/10/28', '04:05'),
('TICKET-150', 'BUSINESS CLASS', '4B', 'HNOBO', '2023/10/29', '05:05'),
('TICKET-151', 'BUSINESS CLASS', '4C', 'HNOBO', '2023/10/30', '06:05'),
('TICKET-152', 'BUSINESS CLASS', '4D', 'HCMOBO', '2023/10/31', '07:05'),
('TICKET-153', 'BUSINESS CLASS', '5A', 'HNOBO', '2023/11/01', '08:05'),
('TICKET-154', 'BUSINESS CLASS', '5B', 'HNOBO', '2023/11/02', '09:05'),
('TICKET-155', 'BUSINESS CLASS', '5C', 'HCMOBO', '2023/11/03', '10:05'),
('TICKET-156', 'BUSINESS CLASS', '5D', 'HNOBO', '2023/11/04', '11:05'),
('TICKET-157', 'BUSINESS CLASS', '6A', 'HNOBO', '2023/11/05', '12:05'),
('TICKET-158', 'BUSINESS CLASS', '6B', 'HNOBO', '2023/11/06', '13:05'),
('TICKET-159', 'BUSINESS CLASS', '6C', 'HNOBO', '2023/11/07', '14:05'),
('TICKET-160', 'BUSINESS CLASS', '6D', 'HCMOBO', '2023/11/08', '15:05'),
('TICKET-161', 'BUSINESS CLASS', '7A', 'HNOBO', '2023/11/09', '16:05'),
('TICKET-162', 'BUSINESS CLASS', '7B', 'HCMOBO', '2023/11/10', '17:05'),
('TICKET-163', 'BUSINESS CLASS', '7C', 'HNOBO', '2023/11/11', '18:05'),
('TICKET-164', 'BUSINESS CLASS', '7D', 'HCMOBO', '2023/11/12', '19:05'),
('TICKET-165', 'BUSINESS CLASS', '8A', 'HNOBO', '2023/11/13', '20:05'),
('TICKET-166', 'BUSINESS CLASS', '8B', 'HNOBO', '2023/11/14', '21:05'),
('TICKET-167', 'BUSINESS CLASS', '8C', 'HNOBO', '2023/11/15', '22:05'),
('TICKET-168', 'BUSINESS CLASS', '8D', 'HNOBO', '2023/11/16', '23:05'),
('TICKET-169', 'BUSINESS CLASS', '9A', 'HCMOBO', '2023/11/17', '00:15'),
('TICKET-170', 'BUSINESS CLASS', '9B', 'HCMOBO', '2023/11/18', '01:15'),
('TICKET-171', 'BUSINESS CLASS', '9C', 'HNOBO', '2023/11/19', '02:15'),
('TICKET-172', 'BUSINESS CLASS', '9D', 'HCMOBO', '2023/11/20', '03:15'),
('TICKET-173', 'BUSINESS CLASS', '10A', 'HCMOBO', '2023/11/21', '04:15'),
('TICKET-174', 'BUSINESS CLASS', '10B', 'HNOBO', '2023/11/22', '05:15'),
('TICKET-175', 'BUSINESS CLASS', '10C', 'HNOBO', '2023/11/23', '06:15'),
('TICKET-176', 'BUSINESS CLASS', '10D', 'HCMOBO', '2023/11/24', '07:15'),
('TICKET-177', 'BUSINESS CLASS', '11A', 'HCMOBO', '2023/11/25', '08:15'),
('TICKET-178', 'BUSINESS CLASS', '11B', 'HCMOBO', '2023/11/26', '09:15'),
('TICKET-179', 'BUSINESS CLASS', '11C', 'HCMOBO', '2023/11/27', '10:15'),
('TICKET-180', 'BUSINESS CLASS', '11D', 'HNOBO', '2023/11/28', '11:15'),
('TICKET-181', 'BUSINESS CLASS', '12A', 'HCMOBO', '2023/11/29', '12:15'),
('TICKET-182', 'BUSINESS CLASS', '12B', 'HCMOBO', '2023/11/30', '13:15'),
('TICKET-183', 'BUSINESS CLASS', '12C', 'HCMOBO', '2023/01/09', '14:15'),
('TICKET-184', 'BUSINESS CLASS', '12D', 'HNOBO', '2023/02/09', '15:15'),
('TICKET-185', 'BUSINESS CLASS', '13A', 'HNOBO', '2023/03/09', '16:15'),
('TICKET-186', 'BUSINESS CLASS', '13B', 'HCMOBO', '2023/04/09', '17:15'),
('TICKET-187', 'BUSINESS CLASS', '13C', 'HCMOBO', '2023/05/09', '18:15'),
('TICKET-188', 'BUSINESS CLASS', '13D', 'HNOBO', '2023/06/09', '19:15'),
('TICKET-189', 'BUSINESS CLASS', '14A', 'HCMOBO', '2023/07/09', '20:15'),
('TICKET-190', 'BUSINESS CLASS', '14B', 'HNOBO', '2023/08/09', '21:15'),
('TICKET-191', 'BUSINESS CLASS', '14C', 'HNOBO', '2023/09/09', '22:15'),
('TICKET-192', 'BUSINESS CLASS', '14D', 'HNOBO', '2023/10/09', '23:15'),
('TICKET-193', 'BUSINESS CLASS', '15A', 'HNOBO', '2023/11/09', '00:25'),
('TICKET-194', 'BUSINESS CLASS', '15B', 'HNOBO', '2023/12/09', '01:25'),
('TICKET-195', 'BUSINESS CLASS', '15C', 'HNOBO', '2023/09/13', '02:25'),
('TICKET-196', 'BUSINESS CLASS', '15D', 'HNOBO', '2023/09/14', '03:25'),
('TICKET-197', 'BUSINESS CLASS', '16A', 'HNOBO', '2023/09/15', '04:25'),
('TICKET-198', 'BUSINESS CLASS', '16B', 'HCMOBO', '2023/09/16', '05:25'),
('TICKET-199', 'BUSINESS CLASS', '16C', 'HCMOBO', '2023/09/17', '06:25'),
('TICKET-200', 'BUSINESS CLASS', '16D', 'HCMOBO', '2023/09/18', '07:25'),
('TICKET-201', 'BUSINESS CLASS', '17A', 'HNOBO', '2023/09/19', '08:25'),
('TICKET-202', 'BUSINESS CLASS', '17B', 'HNOBO', '2023/09/20', '09:25'),
('TICKET-203', 'BUSINESS CLASS', '17C', 'HCMOBO', '2023/09/21', '10:25'),
('TICKET-204', 'BUSINESS CLASS', '17D', 'HCMOBO', '2023/09/22', '11:25'),
('TICKET-205', 'BUSINESS CLASS', '18A', 'HCMOBO', '2023/09/23', '12:25'),
('TICKET-206', 'BUSINESS CLASS', '18B', 'HNOBO', '2023/09/24', '13:25'),
('TICKET-207', 'BUSINESS CLASS', '18C', 'HCMOBO', '2023/09/25', '14:25'),
('TICKET-208', 'BUSINESS CLASS', '18D', 'HNOBO', '2023/09/26', '15:25'),
('TICKET-209', 'BUSINESS CLASS', '19A', 'HCMOBO', '2023/09/27', '16:25'),
('TICKET-210', 'BUSINESS CLASS', '19B', 'MNLOBO', '2023/09/28', '17:25'),
('TICKET-211', 'BUSINESS CLASS', '19C', 'QZOBO', '2023/09/29', '18:25'),
('TICKET-212', 'BUSINESS CLASS', '19D', 'QZOBO', '2023/09/30', '19:25'),
('TICKET-213', 'BUSINESS CLASS', '20A', 'MNLOBO', '2023/10/01', '20:25'),
('TICKET-214', 'BUSINESS CLASS', '20B', 'QZOBO', '2023/10/02', '21:25'),
('TICKET-215', 'BUSINESS CLASS', '20C', 'MNLOBO', '2023/10/03', '22:25'),
('TICKET-216', 'BUSINESS CLASS', '20D', 'MNLOBO', '2023/10/04', '23:25'),
('TICKET-217', 'BUSINESS CLASS', '21A', 'QZOBO', '2023/10/05', '00:35'),
('TICKET-218', 'BUSINESS CLASS', '21B', 'QZOBO', '2023/10/06', '01:35'),
('TICKET-219', 'BUSINESS CLASS', '21C', 'QZOBO', '2023/10/07', '02:35'),
('TICKET-220', 'BUSINESS CLASS', '21D', 'QZOBO', '2023/10/08', '03:35'),
('TICKET-221', 'BUSINESS CLASS', '22A', 'MNLOBO', '2023/10/09', '04:35'),
('TICKET-222', 'BUSINESS CLASS', '22B', 'MNLOBO', '2023/10/10', '05:35'),
('TICKET-223', 'BUSINESS CLASS', '22C', 'MNLOBO', '2023/10/11', '06:35'),
('TICKET-224', 'BUSINESS CLASS', '22D', 'QZOBO', '2023/10/12', '07:35'),
('TICKET-225', 'BUSINESS CLASS', '23A', 'MNLOBO', '2023/10/13', '08:35'),
('TICKET-226', 'BUSINESS CLASS', '23B', 'MNLOBO', '2023/10/14', '09:35'),
('TICKET-227', 'BUSINESS CLASS', '23C', 'MNLOBO', '2023/10/15', '10:35'),
('TICKET-228', 'BUSINESS CLASS', '23D', 'QZOBO', '2023/10/16', '11:35'),
('TICKET-229', 'BUSINESS CLASS', '24A', 'MNLOBO', '2023/10/17', '12:35'),
('TICKET-230', 'BUSINESS CLASS', '24B', 'QZOBO', '2023/10/18', '13:35'),
('TICKET-231', 'BUSINESS CLASS', '24C', 'MNLOBO', '2023/10/19', '14:35'),
('TICKET-232', 'BUSINESS CLASS', '24D', 'MNLOBO', '2023/10/20', '15:35'),
('TICKET-233', 'BUSINESS CLASS', '25A', 'QZOBO', '2023/10/21', '16:35'),
('TICKET-234', 'BUSINESS CLASS', '25B', 'MNLOBO', '2023/10/22', '17:35'),
('TICKET-235', 'BUSINESS CLASS', '25C', 'MNLOBO', '2023/10/23', '18:35'),
('TICKET-236', 'BUSINESS CLASS', '25D', 'QZOBO', '2023/10/24', '19:35'),
('TICKET-237', 'BUSINESS CLASS', '26A', 'MNLOBO', '2023/10/25', '20:35'),
('TICKET-238', 'BUSINESS CLASS', '26B', 'MNLOBO', '2023/10/26', '21:35'),
('TICKET-239', 'BUSINESS CLASS', '26C', 'MNLOBO', '2023/10/27', '22:35'),
('TICKET-240', 'BUSINESS CLASS', '26D', 'QZOBO', '2023/10/28', '23:35'),
('TICKET-241', 'BUSINESS CLASS', '27A', 'QZOBO', '2023/10/29', '00:45'),
('TICKET-242', 'BUSINESS CLASS', '27B', 'MNLOBO', '2023/10/30', '01:45'),
('TICKET-243', 'BUSINESS CLASS', '27C', 'QZOBO', '2023/10/31', '02:45'),
('TICKET-244', 'BUSINESS CLASS', '27D', 'MNLOBO', '2023/11/01', '03:45'),
('TICKET-245', 'BUSINESS CLASS', '28A', 'MNLOBO', '2023/11/02', '04:45'),
('TICKET-246', 'BUSINESS CLASS', '28B', 'QZOBO', '2023/11/03', '05:45'),
('TICKET-247', 'BUSINESS CLASS', '28C', 'QZOBO', '2023/11/04', '06:45'),
('TICKET-248', 'BUSINESS CLASS', '28D', 'MNLOBO', '2023/11/05', '07:45'),
('TICKET-249', 'BUSINESS CLASS', '29A', 'MNLOBO', '2023/11/06', '08:45'),
('TICKET-250', 'BUSINESS CLASS', '29B', 'QZOBO', '2023/11/07', '09:45'),
('TICKET-251', 'BUSINESS CLASS', '29C', 'MNLOBO', '2023/11/08', '10:45'),
('TICKET-252', 'BUSINESS CLASS', '29D', 'QZOBO', '2023/11/09', '11:45'),
('TICKET-253', 'BUSINESS CLASS', '30A', 'MNLOBO', '2023/11/10', '12:45'),
('TICKET-254', 'BUSINESS CLASS', '30B', 'MNLOBO', '2023/11/11', '13:45'),
('TICKET-255', 'BUSINESS CLASS', '30C', 'MNLOBO', '2023/11/12', '14:45'),
('TICKET-256', 'BUSINESS CLASS', '30D', 'QZOBO', '2023/11/13', '15:45'),
('TICKET-257', 'BUSINESS CLASS', '31A', 'QZOBO', '2023/11/14', '16:45'),
('TICKET-258', 'BUSINESS CLASS', '31B', 'QZOBO', '2023/11/15', '17:45'),
('TICKET-259', 'BUSINESS CLASS', '31C', 'MNLOBO', '2023/11/16', '18:45'),
('TICKET-260', 'BUSINESS CLASS', '31D', 'QZOBO', '2023/11/17', '19:45'),
('TICKET-261', 'BUSINESS CLASS', '32A', 'MNLOBO', '2023/11/18', '20:45'),
('TICKET-262', 'BUSINESS CLASS', '32B', 'MNLOBO', '2023/11/19', '21:45'),
('TICKET-263', 'BUSINESS CLASS', '32C', 'QZOBO', '2023/11/20', '22:45'),
('TICKET-264', 'BUSINESS CLASS', '32D', 'MNLOBO', '2023/11/21', '23:45'),
('TICKET-265', 'BUSINESS CLASS', '33A', 'MNLOBO', '2023/11/22', '00:55'),
('TICKET-266', 'BUSINESS CLASS', '33B', 'QZOBO', '2023/11/23', '01:55'),
('TICKET-267', 'BUSINESS CLASS', '33C', 'QZOBO', '2023/11/24', '02:55'),
('TICKET-268', 'BUSINESS CLASS', '33D', 'MNLOBO', '2023/11/25', '03:55'),
('TICKET-269', 'BUSINESS CLASS', '34A', 'QZOBO', '2023/11/26', '04:55'),
('TICKET-270', 'BUSINESS CLASS', '34B', 'QZOBO', '2023/11/27', '05:55'),
('TICKET-271', 'BUSINESS CLASS', '34C', 'QZOBO', '2023/11/28', '06:55'),
('TICKET-272', 'BUSINESS CLASS', '34D', 'MNLOBO', '2023/11/29', '07:55'),
('TICKET-273', 'BUSINESS CLASS', '35A', 'MNLOBO', '2023/11/30', '08:55'),
('TICKET-274', 'BUSINESS CLASS', '35B', 'MNLOBO', '2023/09/01', '09:55'),
('TICKET-275', 'BUSINESS CLASS', '35C', 'MNLOBO', '2023/09/02', '10:55'),
('TICKET-276', 'BUSINESS CLASS', '35D', 'MNLOBO', '2023/09/03', '11:55'),
('TICKET-277', 'BUSINESS CLASS', '36A', 'MNLOBO', '2023/09/04', '12:55'),
('TICKET-278', 'BUSINESS CLASS', '36B', 'MNLOBO', '2023/09/05', '13:55'),
('TICKET-279', 'BUSINESS CLASS', '36C', 'MNLOBO', '2023/09/06', '14:55'),
('TICKET-280', 'BUSINESS CLASS', '36D', 'QZOBO', '2023/09/07', '15:55'),
('TICKET-281', 'BUSINESS CLASS', '37A', 'QZOBO', '2023/09/08', '16:55'),
('TICKET-282', 'BUSINESS CLASS', '37B', 'QZOBO', '2023/09/09', '17:55'),
('TICKET-283', 'BUSINESS CLASS', '37C', 'MNLOBO', '2023/09/10', '18:55'),
('TICKET-284', 'BUSINESS CLASS', '37D', 'MNLOBO', '2023/09/11', '19:55'),
('TICKET-285', 'BUSINESS CLASS', '38A', 'MNLOBO', '2023/09/12', '20:55'),
('TICKET-286', 'BUSINESS CLASS', '38B', 'MNLOBO', '2023/09/13', '21:55'),
('TICKET-287', 'BUSINESS CLASS', '38C', 'QZOBO', '2023/09/14', '22:55'),
('TICKET-288', 'BUSINESS CLASS', '38D', 'MNLOBO', '2023/09/15', '23:55'),
('TICKET-289', 'BUSINESS CLASS', '39A', 'QZOBO', '2023/09/16', '00:02'),
('TICKET-290', 'BUSINESS CLASS', '39B', 'MNLOBO', '2023/09/17', '01:02'),
('TICKET-291', 'BUSINESS CLASS', '39C', 'MNLOBO', '2023/09/18', '02:02'),
('TICKET-292', 'BUSINESS CLASS', '39D', 'QZOBO', '2023/09/19', '03:02'),
('TICKET-293', 'BUSINESS CLASS', '40A', 'QZOBO', '2023/09/20', '04:02'),
('TICKET-294', 'BUSINESS CLASS', '40B', 'JKTOBO', '2023/09/21', '05:02'),
('TICKET-295', 'BUSINESS CLASS', '40C', 'HCMOBO', '2023/09/22', '06:02'),
('TICKET-296', 'BUSINESS CLASS', '40D', 'QZOBO', '2023/09/23', '07:02'),
('TICKET-297', 'BUSINESS CLASS', '41A', 'QZOBO', '2023/09/24', '08:02'),
('TICKET-298', 'BUSINESS CLASS', '41B', 'MNLOBO', '2023/09/25', '09:02'),
('TICKET-299', 'BUSINESS CLASS', '41C', 'HNOBO', '2023/09/26', '10:02'),
('TICKET-300', 'BUSINESS CLASS', '41D', 'HCMOBO', '2023/09/27', '11:02'),
('TICKET-301', 'BUSINESS CLASS', '42A', 'MNLOBO', '2023/09/28', '12:02'),
('TICKET-302', 'BUSINESS CLASS', '42B', 'JKTOBO', '2023/09/29', '13:02'),
('TICKET-303', 'BUSINESS CLASS', '42C', 'MNLOBO', '2023/09/30', '14:02'),
('TICKET-304', 'BUSINESS CLASS', '42D', 'JKTOBO', '2023/10/01', '15:02'),
('TICKET-305', 'BUSINESS CLASS', '43A', 'JKTOBO', '2023/10/02', '16:02'),
('TICKET-306', 'BUSINESS CLASS', '43B', 'HNOBO', '2023/10/03', '17:02'),
('TICKET-307', 'BUSINESS CLASS', '43C', 'HNOBO', '2023/10/04', '18:02'),
('TICKET-308', 'BUSINESS CLASS', '43D', 'JKTOBO', '2023/10/05', '19:02'),
('TICKET-309', 'PRIVATE CLASS', 'LJ 001', 'HNOBO', '2023/10/06', '20:02'),
('TICKET-310', 'PRIVATE CLASS', 'LJ 002', 'MNLOBO', '2023/10/07', '21:02'),
('TICKET-311', 'PRIVATE CLASS', 'LJ 003', 'MNLOBO', '2023/10/08', '22:02'),
('TICKET-312', 'PRIVATE CLASS', 'LJ 004', 'MNLOBO', '2023/10/09', '23:02'),
('TICKET-313', 'PRIVATE CLASS', 'LJ 005', 'HCMOBO', '2023/10/10', '00:32'),
('TICKET-314', 'PRIVATE CLASS', 'LJ 006', 'HCMOBO', '2023/10/11', '01:32'),
('TICKET-315', 'PRIVATE CLASS', 'LJ 007', 'MNLOBO', '2023/10/12', '02:32'),
('TICKET-316', 'PRIVATE CLASS', 'LJ 008', 'SRBOBO', '2023/10/13', '03:32'),
('TICKET-317', 'PRIVATE CLASS', 'LJ 009', 'QZOBO', '2023/10/14', '04:32'),
('TICKET-318', 'PRIVATE CLASS', 'LJ 010', 'JKTOBO', '2023/10/15', '05:32');


INSERT INTO PASSENGER_A(P_ID_A,P_NAME,AGE,GENDER,CONTACT_NUM,EMAIL,CITY,TICKETNO) VALUES
(1,'EMILY JOHNSON',23,'FEMALE',84234567,'EMILYJOHNSOM277@GMAIL.COM', 'HANOI','TICKET-001'),
(2, 'DANIEL CLARK', 35, 'MALE', 63266786, 'DANIELCLARK222@GMAIL.COM', 'QUEZON', 'TICKET-002'),
(3, 'ETHAN LEE', 19, 'MALE', 63158453, 'ETHANLEE@GMAIL.COM', 'QUEZON', 'TICKET-003'),
(4, 'JAMES JOHNSON', 21, 'MALE', 63456486, 'JAMESJOHNSON17@GMAIL.COM', 'MANILA', 'TICKET-004'),
(5, 'ANNA NGUYEN', 42, 'FEMALE', 84456750, 'ANNANGUYEN@GMAIL.COM', 'HANOI', 'TICKET-005'),
(6, 'WILLIAM TAYLOR', 56, 'MALE', 84456458, 'WILLIAMTAYLOR@GMAIL.COM', 'HANOI', 'TICKET-006'),
(7, 'EMMA SMITHS', 32, 'FEMALE', 63158755, 'EMMASMITHS277@GMAIL.COM', 'QUEZON', 'TICKET-007'),
(8, 'SOPHIA ROBINSON', 27, 'FEMALE', 62155789, 'SOPHIAROBINSON24052007@GMAIL.COM', 'SURBAYA', 'TICKET-008'),
(9, 'KO EUN JI', 23, 'FEMALE', 63458266, 'KOEUNJI@GMAIL.COM', 'QUEZON', 'TICKET-009'),
(10, 'AZALEE ALLEAUME', 22, 'FEMALE', 62186158, 'AZALEEALLEAUME367@GMAIL.COM', 'JAKARTA', 'TICKET-010'),
(11, 'ISIDORE ALLEAUME', 19, 'MALE', 62458703, 'ISIDOREALLEAUME@GMAIL.COM', 'SURBAYA', 'TICKET-011'),
(12, 'KHANH HUYEN NGUYEN', 21, 'FEMALE', 84156786, 'KHANHHUYENNGUYEN20052009@GMAIL.COM', 'HO CHI MINH', 'TICKET-012'),
(13, 'TINA LEE', 27, 'FEMALE', 84666444, 'TINALEE256@GMAIL.COM', 'HO CHI MINH', 'TICKET-013'),
(14, 'AMANDA VLADIMIR', 62, 'MALE', 62456466, 'AMANDAVLADIMIR20041994@GMAIL.COM', 'JAKARTA', 'TICKET-014'),
(15, 'EUN HYE CHO', 34, 'FEMALE', 84165765, 'CHOEUNHYE@GMAIL.COM', 'HANOI', 'TICKET-015'),
(16, 'MARIA DEL ROSARIO', 22, 'FEMALE', 63777999, 'MARIACDSR@GMAIL.COM', 'MANILA', 'TICKET-016'),
(17, 'GABRIELA SANTOS REYES', 35, 'MALE', 63825746, 'GABRIELASES@GMAIL.COM', 'MANILA', 'TICKET-017'),
(18, 'ADHIARJA PUTRI', 21, 'FEMALE', 62789666, 'ADHIARJAPTA@GMAIL.COM', 'JAKARTA', 'TICKET-018'),
(19, 'BONNIE ZHANG', 19, 'FEMALE', 84686425, 'BONNIEVN19@GMAIL.COM', 'HO CHI MINH', 'TICKET-019'),
(20, 'MARY JANE', 26, 'FEMALE', 63001002, 'MARYJANEMNL@GMAIL.COM', 'MANILA', 'TICKET-020'),
(21, 'AGUNG PRABOWO', 30, 'MALE', 62002003, 'AGUNGSBRPRABOWO@GMAIL.COM', 'SURBAYA', 'TICKET-021'),
(22, 'RYU SUK', 43, 'MALE', 84003004, 'RYUSUKHNVN@GMAIL.COM', 'HO CHI MINH', 'TICKET-022'),
(23, 'MAI ANH TRAN', 52, 'FEMALE', 84004005, 'TRANMAIANHHN@GMAIL.COM', 'HO CHI MINH', 'TICKET-023'),
(24, 'ELOISE BOUCHARD', 26, 'FEMALE', 62005006, 'ELOISEBOUCHARD@GMAIL.COM', 'SURBAYA', 'TICKET-024'),
(25, 'BLESSICA REYES ALONZO', 19, 'FEMALE', 63006007, 'BLESSICAALONZO@GMAIL.COM', 'MANILA', 'TICKET-025'),
(26, 'KIM JUN KYU', 25, 'MALE', 84009009, 'JUNKYUKIM@GMAIL.COM', 'HANOI', 'TICKET-026'),
(27, 'PARK JIHOON', 25, 'MALE', 84007008, 'JIHOONPARK@GMAIL.COM', 'HANOI', 'TICKET-027'),
(28, 'LUNA WASHINGTON', 22, 'FEMALE', 84008009, 'LUNAWASHINGTON@GMAIL.COM', 'HANOI', 'TICKET-028'),
(29, 'ADIKA SANTOSO', 38, 'FEMALE', 63010011, 'ADIKASANTOSO@GMAIL.COM', 'MANILA', 'TICKET-029'),
(30, 'SAMANTHA VILLANUEVA', 49, 'FEMALE', 62011012, 'SAMANTHAVILLANUELA@GMAIL.COM', 'JAKARTA', 'TICKET-030'),
(31, 'NOA WILSON', 56, 'MALE', 62012013, 'NOAHHHH@GMAIL.COM', 'JAKARTA', 'TICKET-031'),
(32, 'AURORA LIM DELA ROSA', 37, 'FEMALE', 63013014, 'AURORADELAROSA@GMAIL.COM', 'QUEZON', 'TICKET-032'),
(33, 'ALTHEA SANTIAGO', 29, 'FEMALE', 63014015, 'ALTHEASANTIAGO@GMAIL.COM', 'QUEZON', 'TICKET-033'),
(34, 'HUNG DUNG NGUYEN', 36, 'MALE', 84015016, 'NGUYENDUNG@GMAIL.COM', 'HANOI', 'TICKET-034'),
(35, 'MAYUMI SATO', 25, 'FEMALE', 62016017, 'MAYUMISATO@GMAIL.COM', 'JAKARTA', 'TICKET-035'),
(36, 'MAYUMI SATOKO', 23, 'FEMALE', 62017018, 'SATOKOMAYU@GMAIL.COM', 'JAKARTA', 'TICKET-036'),
(37, 'LINH ANH TRAN', 60, 'MALE', 84018019, 'TRANLINHANH@GMAIL.COM', 'HANOI', 'TICKET-037'),
(38, 'LUNINGNING ALVAREZ', 28, 'MALE', 63019020, 'LUNINGNINGG@GMAIL.COM', 'MANILA', 'TICKET-038'),
(39, 'MIA DELA CRUZ', 42, 'FEMALE', 62020021, 'MIACRUZDELAA@GMAIL.COM', 'JAKARTA', 'TICKET-039'),
(40, 'HWANG GEUM JA', 53, 'FEMALE', 63021022, 'GEUMJAHWANG@GMAIL.COM', 'QUEZON', 'TICKET-040'),
(41, 'SHERLOCK CLIFFS', 38, 'MALE', 84023024, 'SHERLOCKCLIFFS@GMAIL.COM', 'HANOI', 'TICKET-041'),
(42, 'ANH MINH HOANG', 35, 'MALE', 84024025, 'HOANGANHMINH@GMAIL.COM', 'HANOI', 'TICKET-042'),
(43, 'ROGER FEDERO', 33, 'MALE', 62025026, 'ROGERFEDERO@GMAIL.COM', 'SURBAYA', 'TICKET-043'),
(44, 'HENRY GARFIELDS', 47, 'MALE', 63026027, 'HENRYGARFIELDS@GMAIL.COM', 'QUEZON', 'TICKET-044'),
(45, 'ANDREA DEL ROSARIO', 19, 'FEMALE', 63027028, 'ANDREADELA@GMAIL.COM', 'QUEZON', 'TICKET-045'),
(46, 'ALEX WANG', 19, 'FEMALE', 84028029, 'ALEXWANGVN@GMAIL.COM', 'HO CHI MINH', 'TICKET-046'),
(47, 'LUCY DE SAINT', 23, 'FEMALE', 63030031, 'LUCYDESAINT@GMAIL.COM', 'MANILA', 'TICKET-047'),
(48, 'CHRISTIAN DION', 33, 'MALE', 63031032, 'CHRISTIANDD@GMAIL.COM', 'MANILA', 'TICKET-048'),
(49, 'LOUIS PABLO', 31, 'MALE', 84032033, 'PABLOLOUIS@GMAIL.COM', 'HO CHI MINH', 'TICKET-049'),
(50, 'DANIELLE GAVRI', 27, 'FEMALE', 62033034, 'GAVRIDANIELLE@GMAIL.COM', 'JAKARTA', 'TICKET-050'),
(51, 'NGOC HAN PHAM', 20, 'FEMALE', 62034035, 'PHAMNGOCHAN311@GMAIL.COM', 'JAKARTA', 'TICKET-051'),
(52, 'ROSALINDA REYES', 31, 'FEMALE', 63035036, 'ROSALINDAREYES@GMAIL.COM', 'MANILA', 'TICKET-052'),
(53, 'BITUIN SANTOS CRUZ', 28, 'MALE', 63036037, 'BITUINSANTOS@GMAIL.COM', 'QUEZON', 'TICKET-053'),
(54, 'RODRICK CREIG', 23, 'MALE', 62037038, 'RODRICKCREIG@GMAIL.COM', 'JAKARTA', 'TICKET-054'),
(55, 'JAMES WALKER', 36, 'MALE', 84038039, 'JAMESWALKER02@GMAIL.COM', 'HO CHI MINH', 'TICKET-055'),
(56, 'KYLIE WALKER', 32, 'FEMALE', 84039040, 'KYLIEWALKER01@GMAIL.COM', 'HO CHI MINH', 'TICKET-056'),
(57, 'DAVID KIM', 28, 'MALE', 63040041, 'KIMDAVID4140@GMAIL.COM', 'MANILA', 'TICKET-059'),
(58, 'SUBRAHNA BUHMI', 20, 'FEMALE', 62041042, 'BUHMISUBRAHNA@GMAIL.COM', 'SURBAYA', 'TICKET-060'),
(59, 'AVANE JOSHUA', 28, 'MALE', 63042043, 'JOSHUAAVN@GMAIL.COM', 'QUEZON', 'TICKET-061'),
(60, 'LIAM MITCHELL', 66, 'MALE', 62043044, 'LIAM44MITCHELL@GMAIL.COM', 'SURBAYA', 'TICKET-062'),
(61, 'THOMAS MORGAN', 45, 'MALE', 84044045, 'MORGANTOMMY@GMAIL.COM', 'HO CHI MINH', 'TICKET-063'),
(62, 'AIJI SARI', 22, 'FEMALE', 62045045, 'SARIJIAJI@GMAIL.COM', 'SURBAYA', 'TICKET-064'),
(63, 'AMISHA ANGKASA', 32, 'FEMALE', 62046047, 'ANGKASHAMISHA@GMAIL.COM', 'JAKARTA', 'TICKET-065'),
(64, 'OLIVIA GRAYSON', 21, 'FEMALE', 63049051, 'OLIVIAGRAYSON51@GMAIL.COM', 'MANILA', 'TICKET-066'),
(65, 'BALDE ZEDIC', 19, 'MALE', 63051052, 'BALDEDIRECT@GMAIL.COM', 'QUEZON', 'TICKET-067'),
(66, 'WILLIAM BENNETT', 53, 'MALE', 62052053, 'WILLBENNETT@GMAIL.COM', 'JAKARTA', 'TICKET-068'),
(67, 'KIM OANH VU', 71, 'FEMALE', 84053054, 'VUTHIKIMOANH@GMAIL.COM', 'HO CHI MINH', 'TICKET-069'),
(68, 'ABYASA WIJAYA', 58, 'MALE', 62054055, 'WIJAYA8558@GMAIL.COM', 'SURBAYA', 'TICKET-070'),
(69, 'DAVID PARKER', 36, 'MALE', 63055056, 'PARKERDVD@GMAIL.COM', 'MANILA', 'TICKET-071'),
(70, 'NANCY NOLAN', 33, 'FEMALE', 63056057, 'NANCYNOLANY@GMAIL.COM', 'QUEZON', 'TICKET-072'),
(71, 'JOHNNY CRUISE', 67, 'MALE', 62057058, 'JOHNNYCRUISER67@GMAIL.COM', 'SURBAYA', 'TICKET-073'),
(72, 'YUZANG WANG', 30, 'FEMALE', 63059060, 'YUZANGMOMYUQI@GMAIL.COM', 'QUEZON', 'TICKET-075'),
(73, 'JOHN SMITH', 35, 'MALE', 63841789, 'JOHN.SMITH@GMAIL.COM', 'QUEZON', 'TICKET-076'),
(74, 'JANE DOE', 45, 'FEMALE', 84987323, 'JANE.DOE@GMAIL.COM', 'HANOI', 'TICKET-077'),
(75, 'DAVID LEE', 30, 'MALE', 84786324, 'DAVID.LEE@GMAIL.COM', 'HANOI', 'TICKET-078'),
(76, 'QUANG BACH THAI', 55, 'MALE', 84282204, 'THAIBACH282@GMAIL.COM', 'HANOI', 'TICKET-079'),
(77, 'AHMAD KHAN', 38, 'MALE', 84765326, 'AHMAD.KHANN@GMAIL.COM', 'HANOI', 'TICKET-080'),
(78, 'FATIMAH LIM', 42, 'FEMALE', 84879327, 'FATIMAH.LIM@GMAIL.COM', 'HANOI', 'TICKET-081'),
(79, 'MARIA GARCIA', 28, 'FEMALE', 84231978, 'MARIA.GARCIA@GMAIL.COM', 'HO CHI MINH', 'TICKET-082'),
(80, 'MINH TRIET NGUYEN', 40, 'MALE', 84786322, 'MINHTRIET@GMAIL.COM', 'HANOI', 'TICKET-083'),
(81, 'KIM JONG SUK', 48, 'MALE', 84798328, 'KIM.JONGSUK@GMAIL.COM', 'HO CHI MINH', 'TICKET-084'),
(82, 'MARIA SANTOS', 25, 'FEMALE', 84879329, 'MARIA.SANTOS@GMAIL.COM', 'HANOI', 'TICKET-085'),
(83, 'JUAN PEREZ', 33, 'MALE', 63870330, 'JUAN.PEREZ@GMAIL.COM', 'MANILA', 'TICKET-086'),
(84, 'VAN LINH TRAN', 50, 'MALE', 62978331, 'LINHTRAN@GMAIL.COM', 'SURBAYA', 'TICKET-087'),
(85, 'OLIVIA BROWN', 29, 'FEMALE', 63678332, 'OLIVIA.BROWN@GMAIL.COM', 'QUEZON', 'TICKET-088'),
(86, 'AHMAD IBRAHIM', 37, 'MALE', 62879333, 'AHMAD.IBRAHIM@GMAIL.COM', 'JAKARTA', 'TICKET-089'),
(87, 'MYUNG HEE KIM', 46, 'FEMALE', 63672334, 'KIMMYUNGHEE@GMAIL.COM', 'QUEZON', 'TICKET-090'),
(88, 'THI DUNG LE', 32, 'FEMALE', 84321335, 'LETHIDUNG@GMAIL.COM', 'HO CHI MINH', 'TICKET-091'),
(89, 'TANAKA SATOSHI', 27, 'MALE', 62373134, 'TANAKA27@GMAIL.COM', 'JAKARTA', 'TICKET-092'),
(90, 'HOANG ANH DANG', 39, 'MALE', 84212552, 'DANGANH2132@GMAIL.COM', 'HO CHI MINH', 'TICKET-093'),
(91, 'EMILY WILSON', 31, 'FEMALE', 62233545, 'EMILY.WILSON@GMAIL.COM', 'SURBAYA', 'TICKET-094'),
(92, 'MUHAMMAD ALI', 34, 'MALE', 62421567, 'MUHAMMAD.ALI@GMAIL.COM', 'SURBAYA', 'TICKET-095'),
(93, 'MARIA RODRIGUEZ', 43, 'FEMALE', 63535114, 'MARIA.RODRIGUEZ@GMAIL.COM', 'QUEZON', 'TICKET-096'),
(94, 'LEE JOON KI', 36, 'MALE', 84445756, 'LEEJOONKI@GMAIL.COM', 'HANOI', 'TICKET-097'),
(95, 'LISA TAN', 26, 'FEMALE', 63432342, 'LISA.TAN@GMAIL.COM', 'MANILA', 'TICKET-098'),
(96, 'THI THU TRAN', 41, 'FEMALE', 84242343, 'TRANTHU@GMAIL.COM', 'HO CHI MINH', 'TICKET-099'),
(97, 'MICHAEL JOHNSON', 37, 'MALE', 63453344, 'MICHAEL.JOHNSON@GMAIL.COM', 'MANILA', 'TICKET-100'),
(98, 'SOPHIE MARTIN', 29, 'FEMALE', 63223345, 'SOPHIE.MARTIN@GMAIL.COM', 'MANILA', 'TICKET-101'),
(99, 'HIROSHI NAKAMURA', 45, 'MALE', 84334657, 'HIROSHI.NAKARUMA@GMAIL.COM', 'HANOI', 'TICKET-102'),
(100, 'CHOI SOO YOUNG', 32, 'FEMALE', 84443347, 'CHOISOOYOUNG@GMAIL.COM', 'HO CHI MINH', 'TICKET-103'),
(101, 'MARK REYES', 49, 'MALE', 62445348, 'MARK.REYES@GMAIL.COM', 'JAKARTA', 'TICKET-104'),
(102, 'DUC LUONG NGUYEN', 33, 'MALE', 84342349, 'DUCLUONG0701@GMAIL.COM', 'HANOI', 'TICKET-105'),
(103, 'ANNA KOWALSKI', 30, 'FEMALE', 63375350, 'ANNA.KOWALSKI@GMAIL.COM', 'MANILA', 'TICKET-106'),
(104, 'CARLOS SILVA', 40, 'MALE', 62346351, 'CARLOS.SILVA@GMAIL.COM', 'SURBAYA', 'TICKET-107'),
(105, 'YUDI SANTOSO', 47, 'MALE', 63245352, 'YUDI.SANTOSO@GMAIL.COM', 'QUEZON', 'TICKET-108'),
(106, 'SOFIA FERNANDEZ', 24, 'FEMALE', 63745353, 'SOFIA.FERNANDEZ@GMAIL.COM', 'MANILA', 'TICKET-109'),
(107, 'RYUICHI TANAKA', 31, 'MALE', 84569354, 'RYUICHITANKA@GMAIL.COM', 'HO CHI MINH', 'TICKET-110'),
(108, 'QUYNH NHU DUONG', 56, 'FEMALE', 84685355, 'DUONGQUYNHNHU1101@GMAIL.COM', 'HO CHI MINH', 'TICKET-111'),
(109, 'PATRICK WHITE', 28, 'MALE', 62345356, 'PATRICK.WHITE@GMAIL.COM', 'JAKARTA', 'TICKET-112'),
(110, 'EMILY CHEN', 39, 'FEMALE', 62445357, 'EMILY.CHEN@GMAIL.COM', 'SURBAYA', 'TICKET-113'),
(111, 'ADITYA KUMAR', 44, 'MALE', 62564358, 'AITYA.KUMAR@GMAIL.COM', 'JAKARTA', 'TICKET-114'),
(112, 'MARIA LIM', 27, 'FEMALE', 63354359, 'MARIA.LIM@GMAIL.COM', 'MANILA', 'TICKET-115'),
(113, 'TANAKA YOSHIKO', 52, 'FEMALE', 84356360, 'TANAKAYOSHIKO@GMAIL.COM', 'HO CHI MINH', 'TICKET-116'),
(114, 'DUC LONG LE', 34, 'MALE', 84351361, 'LONG0111@GMAIL.COM', 'HO CHI MINH', 'TICKET-117'),
(115, 'OLIVIA SMITH', 36, 'FEMALE', 63145362, 'OLIVIA.SMITH@GMAIL.COM', 'MANILA', 'TICKET-118'),
(116, 'AHMAD HASSAN', 41, 'MALE', 63467363, 'AHMAD.HASSAN@GMAIL.COM', 'MANILA', 'TICKET-119'),
(117, 'KIM EUN JI', 29, 'FEMALE', 84572364, 'KIMEUNJI@GMAIL.COM', 'HANOI', 'TICKET-120'),
(118, 'EDUARDO GARCIA', 35, 'MALE', 63124365, 'EDUARDO.GARCIA@GMAIL.COM', 'MANILA', 'TICKET-121'),
(119, 'SAKURA TANAKA', 26, 'FEMALE', 84467366, 'SAKURA.TANAKA@GMAIL.COM', 'HO CHI MINH', 'TICKET-122'),
(120, 'THI NAM NGUYEN', 38, 'FEMALE', 84592367, 'NAM2467@GMAIL.COM', 'HO CHI MINH', 'TICKET-123'),
(121, 'ROBERT BROWN', 33, 'MALE', 63689368, 'ROBERT.BROWN@GMAIL.COM', 'MANILA', 'TICKET-124'),
(122, 'SOFIA RODRIGUEZ', 37, 'FEMALE', 63235369, 'SOFIA.RODRIGUEZ@GMAIL.COM', 'MANILA', 'TICKET-125'),
(123, 'LEE SUNG MIN', 46, 'MALE', 84247240, 'LEESUNGMIN@GMAIL.COM', 'HO CHI MINH', 'TICKET-126'),
(124, 'CHI THANH NGUYEN', 30, 'MALE', 84030863, 'MRTHANH1608@GMAIL.COM', 'HANOI', 'TICKET-127'),
(125, 'MARIA PEREZ', 28, 'FEMALE', 62256341, 'MARIA.PEREZ@GMAIL.COM', 'JAKARTA', 'TICKET-128'),
(126, 'QUYNH ANH NGUYEN', 23, 'FEMALE', 84651201, 'QUYNHANHH201@GMAIL.COM', 'HANOI', 'TICKET-129'),
(127, 'JOHN KIM', 29, 'MALE', 63367342, 'JOHN.KIM@GMAIL.COM', 'MANILA', 'TICKET-130'),
(128, 'LISA NGUYEN', 40, 'FEMALE', 84346343, 'LISA.NGUYEN@GMAIL.COM', 'HANOI', 'TICKET-131'),
(129, 'MUHAMMAD ARIF', 45, 'MALE', 63256344, 'MUHAMMAD.ARIF@GMAIL.COM', 'QUEZON', 'TICKET-132'),
(130, 'KIM SOO JIN', 26, 'FEMALE', 84367345, 'KIMSOOJIN@GMAIL.COM', 'HANOI', 'TICKET-133'),
(131, 'ALEJANDRO CRUZ', 35, 'MALE', 62466346, 'ALEJANDRO.CRUZ@GMAIL.COM', 'SURBAYA', 'TICKET-134'),
(132, 'NGOC BICH NGUYEN', 23, 'FEMALE', 84834421, 'NGOCBICH@GMAIL.COM', 'HO CHI MINH', 'TICKET-135'),
(133, 'HUYEN ANH NGUYEN', 20, 'FEMALE', 84621821, 'NGUYENHUYENANH01112004@GMAIL.COM', 'HO CHI MINH', 'TICKET-136'),
(134, 'NGUYEN DO TUONG', 23, 'FEMALE', 84826282, 'NGUYENDOTUONG@GMAIL.COM', 'HO CHI MINH', 'TICKET-137'),
(135, 'DAO XUAN DINH', 35, 'MALE', 84971188, 'DAOXUANDINH@GMAIL.COM', 'HANOI', 'TICKET-138'),
(136, 'MANH SUOR', 19, 'MALE', 84632255, 'MANHSUOR@GMAIL.COM', 'HO CHI MINH', 'TICKET-139'),
(137, 'NGUYEN NGOC DUNG', 21, 'MALE', 84231285, 'NGUYENNGOCDUNG@GMAIL.COM', 'HANOI', 'TICKET-140'),
(138, 'DUONG TRUNG NGUYET', 42, 'FEMALE', 84885179, 'DUONGTRUNGNGUYET@GMAIL.COM', 'HO CHI MINH', 'TICKET-141'),
(139, 'VUONG KIEU LOAN', 56, 'MALE', 84171313, 'VUONGKIEULOAN@GMAIL.COM', 'HANOI', 'TICKET-142'),
(140, 'DOAN THANH SANG', 32, 'FEMALE', 84962010, 'DOANTHANHSANG@GMAIL.COM', 'HANOI', 'TICKET-143'),
(141, 'NGUYEN THI ANH TUYET', 27, 'FEMALE', 84762010, 'NGUYENTHIANH@GMAIL.COM', 'HO CHI MINH', 'TICKET-144'),
(142, 'KIM JONG SUNG', 23, 'FEMALE', 84820116, 'KIMJONGSUNG@GMAIL.COM', 'HO CHI MINH', 'TICKET-145'),
(143, 'VU THI THAO NGUYEN', 22, 'FEMALE', 84872018, 'VUTHITHAO@GMAIL.COM', 'HANOI', 'TICKET-146'),
(144, 'TRUONG QUANG CANG', 19, 'MALE', 84852266, 'TRUONGQUANGCANG@GMAIL.COM', 'HO CHI MINH', 'TICKET-147'),
(145, 'BUI THI HONG OANH', 21, 'FEMALE', 84935222, 'BUITHIHONG@GMAIL.COM', 'HANOI', 'TICKET-148'),
(146, 'NGUYEN THANH SON', 27, 'FEMALE', 84994222, 'NGUYENTHANHSON@GMAIL.COM', 'HANOI', 'TICKET-149'),
(147, 'NGUYEN THAI HUNG', 62, 'MALE', 84486060, 'NGUYENTHAIHUNG@GMAIL.COM', 'HANOI', 'TICKET-150'),
(148, 'TRA THANH HAU', 34, 'FEMALE', 84961992, 'TRATHANHHAU@GMAIL.COM', 'HANOI', 'TICKET-151'),
(149, 'TA VINH LOC', 22, 'FEMALE', 84812007, 'TAVINHLOC@GMAIL.COM', 'HO CHI MINH', 'TICKET-152'),
(150, 'BUI THI DIU', 35, 'MALE', 84913737, 'BUITHIDIU@GMAIL.COM', 'HANOI', 'TICKET-153'),
(151, 'LE CONG HOA', 21, 'FEMALE', 84913779, 'LECONGHOA@GMAIL.COM', 'HANOI', 'TICKET-154'),
(152, 'PHAM DUC THIEN', 19, 'FEMALE', 84956330, 'PHAMDUCTHIEN@GMAIL.COM', 'HO CHI MINH', 'TICKET-155'),
(153, 'LAM VINH', 26, 'FEMALE', 84826667, 'LAM VINH@GMAIL.COM', 'HANOI', 'TICKET-156'),
(154, 'VO DINH QUANG', 30, 'MALE', 84882880, 'VODINHQUANG@GMAIL.COM', 'HANOI', 'TICKET-157'),
(155, 'PHAN THI HOANG MAI', 43, 'MALE', 84091654, 'PHANTHIHOANG@GMAIL.COM', 'HANOI', 'TICKET-158'),
(156, 'TRAN NU ANH THU', 52, 'FEMALE', 84909164, 'TRANNUANH@GMAIL.COM', 'HANOI', 'TICKET-159'),
(157, 'TRAN MINH TRI', 26, 'FEMALE', 84091675, 'TRANMINHTRI@GMAIL.COM', 'HO CHI MINH', 'TICKET-160'),
(158, 'DO VIET PHUONG', 19, 'FEMALE', 84091672, 'DOVIETPHUONG@GMAIL.COM', 'HANOI', 'TICKET-161'),
(159, 'NGUYEN VIET MINH CHAU', 25, 'MALE', 84997753, 'NGUYENVIETMINH@GMAIL.COM', 'HO CHI MINH', 'TICKET-162'),
(160, 'HO SY QUY', 25, 'MALE', 84947979, 'HOSYQUY@GMAIL.COM', 'HANOI', 'TICKET-163'),
(161, 'LE DAI PHONG', 22, 'FEMALE', 84685678, 'LEDAIPHONG@GMAIL.COM', 'HO CHI MINH', 'TICKET-164'),
(162, 'PHAN THI NGOC DIEP', 38, 'FEMALE', 84877959, 'PHANTHINGOC@GMAIL.COM', 'HANOI', 'TICKET-165'),
(163, 'NGUYEN KHANH', 49, 'FEMALE', 84813466, 'NGUYENKHANH@GMAIL.COM', 'HANOI', 'TICKET-166'),
(164, 'TRAN KIM HIEU', 56, 'MALE', 84158380, 'TRANKIMHIEU@GMAIL.COM', 'HANOI', 'TICKET-167'),
(165, 'NGUYEN THI VI', 37, 'FEMALE', 84847883, 'NGUYENTHIVI@GMAIL.COM', 'HANOI', 'TICKET-168'),
(166, 'CAI MINH HOANG', 29, 'FEMALE', 84819551, 'CAIMINHHOANG@GMAIL.COM', 'HO CHI MINH', 'TICKET-169'),
(167, 'DOAN THANH TAM', 36, 'MALE', 84031355, 'DOANTHANHTAM@GMAIL.COM', 'HO CHI MINH', 'TICKET-170'),
(168, 'TRAN VINH QUANG', 25, 'FEMALE', 84823922, 'TRANVINHQUANG@GMAIL.COM', 'HANOI', 'TICKET-171'),
(169, 'NGUYEN THI DANG', 23, 'FEMALE', 84001430, 'NGUYENTHIDANG@GMAIL.COM', 'HO CHI MINH', 'TICKET-172'),
(170, 'LE QUANG LAP', 60, 'MALE', 84724586, 'LEQUANGLAP@GMAIL.COM', 'HO CHI MINH', 'TICKET-173'),
(171, 'NGUYEN DUC THO', 28, 'MALE', 84622667, 'NGUYENDUCTHO@GMAIL.COM', 'HANOI', 'TICKET-174'),
(172, 'LE VAN DUNG', 42, 'FEMALE', 84666261, 'LEVANDUNG@GMAIL.COM', 'HANOI', 'TICKET-175'),
(173, 'LE HUY NGOC', 53, 'FEMALE', 84459818, 'LEHUYNGOC@GMAIL.COM', 'HO CHI MINH', 'TICKET-176'),
(174, 'LE BA THANG', 38, 'MALE', 84715494, 'LEBATHANG@GMAIL.COM', 'HO CHI MINH', 'TICKET-177'),
(175, 'TRAN THUY DANG THU', 35, 'MALE', 84924797, 'TRANTHUYDANG@GMAIL.COM', 'HO CHI MINH', 'TICKET-178'),
(176, 'DUONG THI DIEM MY', 33, 'MALE', 84413884, 'DUONGTHIDIEM@GMAIL.COM', 'HO CHI MINH', 'TICKET-179'),
(177, 'NGUYEN THANH NINH', 47, 'MALE', 84959882, 'NGUYENTHANHNINH@GMAIL.COM', 'HANOI', 'TICKET-180'),
(178, 'NGUYEN VAN AN', 19, 'FEMALE', 84771282, 'NGUYENVANAN@GMAIL.COM', 'HO CHI MINH', 'TICKET-181'),
(179, 'PHAM TIEN KHOA', 19, 'FEMALE', 84973998, 'PHAMTIENKHOA@GMAIL.COM', 'HO CHI MINH', 'TICKET-182'),
(180, 'HOANG DANH KHAI', 23, 'FEMALE', 84028595, 'HOANGDANHKHAI@GMAIL.COM', 'HO CHI MINH', 'TICKET-183'),
(181, 'HUYNH KIM CUC', 33, 'MALE', 84113196, 'HUYNHKIMCUC@GMAIL.COM', 'HANOI', 'TICKET-184'),
(182, 'NGUYEN HONG VAN', 31, 'MALE', 84825797, 'NGUYENHONGVAN@GMAIL.COM', 'HANOI', 'TICKET-185'),
(183, 'LE THI MY LE', 27, 'FEMALE', 84997629, 'LETHIMY@GMAIL.COM', 'HO CHI MINH', 'TICKET-186'),
(184, 'DANG VAN TOAN', 20, 'FEMALE', 84997630, 'DANGVANTOAN@GMAIL.COM', 'HO CHI MINH', 'TICKET-187'),
(185, 'DAO NGOC TIEU', 31, 'FEMALE', 84997631, 'DAONGOCTIEU@GMAIL.COM', 'HANOI', 'TICKET-188'),
(186, 'LE VAN NHIEU', 28, 'MALE', 84997632, 'LEVANNHIEU@GMAIL.COM', 'HO CHI MINH', 'TICKET-189'),
(187, 'TRAN VAN HIEU', 23, 'MALE', 84997633, 'TRANVANHIEU@GMAIL.COM', 'HANOI', 'TICKET-190'),
(188, 'NGUYEN THANH BINH', 36, 'MALE', 84997634, 'NGUYENTHANHBINH@GMAIL.COM', 'HANOI', 'TICKET-191'),
(189, 'PHUNG THUY TRANG', 32, 'FEMALE', 84997635, 'PHUNGTHUYTRANG@GMAIL.COM', 'HANOI', 'TICKET-192'),
(190, 'DANG HA HUU DUC', 19, 'FEMALE', 84997636, 'DANGHAHUU@GMAIL.COM', 'HANOI', 'TICKET-193'),
(191, 'TRAN QUANG CHIEN', 25, 'MALE', 84713255, 'TRANQUANGCHIEN@GMAIL.COM', 'HANOI', 'TICKET-194'),
(192, 'LE MINH TAN', 28, 'MALE', 84915655, 'LEMINHTAN@GMAIL.COM', 'HANOI', 'TICKET-195'),
(193, 'MAI THANH TUAN', 20, 'FEMALE', 84915755, 'MAITHANHTUAN@GMAIL.COM', 'HANOI', 'TICKET-196'),
(194, 'HUYNH DUC PHUC', 28, 'MALE', 84284855, 'HUYNHDUCPHUC@GMAIL.COM', 'HANOI', 'TICKET-197'),
(195, 'DINH CHI VINH', 66, 'MALE', 84929838, 'DINHCHIVINH@GMAIL.COM', 'HO CHI MINH', 'TICKET-198'),
(196, 'NGUYEN TIEN DUC', 45, 'MALE', 84835878, 'NGUYENTIENDUC@GMAIL.COM', 'HO CHI MINH', 'TICKET-199'),
(197, 'DAU DUC TAN', 22, 'FEMALE', 84977789, 'DAUDUCTAN@GMAIL.COM', 'HO CHI MINH', 'TICKET-200'),
(198, 'HA QUOC VIET', 32, 'FEMALE', 84773773, 'HAQUOCVIET@GMAIL.COM', 'HANOI', 'TICKET-201'),
(199, 'NGUYEN THU HA', 21, 'FEMALE', 84334888, 'NGUYENTHUHA@GMAIL.COM', 'HANOI', 'TICKET-202'),
(200, 'NGUYEN VAN TUYEN', 19, 'MALE', 84288388, 'NGUYENVANTUYEN@GMAIL.COM', 'HO CHI MINH', 'TICKET-203'),
(201, 'PHAN THI LAN HUONG', 53, 'MALE', 84266288, 'PHANTHILAN@GMAIL.COM', 'HO CHI MINH', 'TICKET-204'),
(202, 'HOANG NGOC HIEU', 71, 'FEMALE', 84888933, 'HOANGNGOCHIEU@GMAIL.COM', 'HO CHI MINH', 'TICKET-205'),
(203, 'DOAN TIEN HUNG', 58, 'MALE', 84888377, 'DOANTIENHUNG@GMAIL.COM', 'HANOI', 'TICKET-206'),
(204, 'NGUYEN XUAN VIET', 36, 'MALE', 84888667, 'NGUYENXUANVIET@GMAIL.COM', 'HO CHI MINH', 'TICKET-207'),
(205, 'TRAN THAI BINH', 33, 'FEMALE', 84987474, 'TRANTHAIBINH@GMAIL.COM', 'HANOI', 'TICKET-208'),
(206, 'DOAN HUU TIEN', 67, 'MALE', 84221010, 'DOANHUUTIEN@GMAIL.COM', 'HO CHI MINH', 'TICKET-209'),
(207, 'ACACIA AARON', 36, 'FEMALE', 63497367, 'ACACIAAARON@GMAIL.COM', 'MANILA', 'TICKET-210'),
(208, 'ADELA ABHAYA', 30, 'FEMALE', 63396330, 'ADELAABHAYA@GMAIL.COM', 'QUEZON', 'TICKET-211'),
(209, 'ADELAIDE AKSHITA', 35, 'MALE', 63944455, 'ADELAIDEAKSHITA@GMAIL.COM', 'QUEZON', 'TICKET-212'),
(210, 'AGATHA ALICE', 45, 'FEMALE', 63394033, 'AGATHAALICE@GMAIL.COM', 'MANILA', 'TICKET-213'),
(211, 'AGNES AMBAR', 30, 'MALE', 63397110, 'AGNESAMBAR@GMAIL.COM', 'QUEZON', 'TICKET-214'),
(212, 'ALETHEA AMRITA', 55, 'MALE', 63619911, 'ALETHEAAMRITA@GMAIL.COM', 'MANILA', 'TICKET-215'),
(213, 'ALIDA ANNA', 38, 'MALE', 63616880, 'ALIDAANNA@GMAIL.COM', 'MANILA', 'TICKET-216'),
(214, 'ALIYAH AVANKITA', 42, 'FEMALE', 63654499, 'ALIYAHAVANKITA@GMAIL.COM', 'QUEZON', 'TICKET-217'),
(215, 'ALMA BELINDA', 28, 'FEMALE', 63812969, 'ALMABELINDA@GMAIL.COM', 'QUEZON', 'TICKET-218'),
(216, 'ALMIRA BELLA', 40, 'MALE', 63868438, 'ALMIRABELLA@GMAIL.COM', 'QUEZON', 'TICKET-219'),
(217, 'ALULA BOBBY', 48, 'MALE', 63587938, 'ALULABOBBY@GMAIL.COM', 'QUEZON', 'TICKET-220'),
(218, 'ALVA BONITA', 25, 'FEMALE', 63849869, 'ALVABONITA@GMAIL.COM', 'MANILA', 'TICKET-221'),
(219, 'AMANDA DHARA', 33, 'MALE', 63598398, 'AMANDADHARA@GMAIL.COM', 'MANILA', 'TICKET-222'),
(220, 'AMELINDA DIANA', 50, 'MALE', 63675399, 'AMELINDADIANA@GMAIL.COM', 'MANILA', 'TICKET-223'),
(221, 'AMITY DONATELLA', 29, 'FEMALE', 63002257, 'AMITYDONATELLA@GMAIL.COM', 'QUEZON', 'TICKET-224'),
(222, 'ANGELA ELISE', 37, 'MALE', 63799930, 'ANGELAELISE@GMAIL.COM', 'MANILA', 'TICKET-225'),
(223, 'ANNABELLA ELLA', 46, 'FEMALE', 63917379, 'ANNABELLAELLA@GMAIL.COM', 'MANILA', 'TICKET-226'),
(224, 'ANTHEA ELLEN', 32, 'FEMALE', 63899922, 'ANTHEAELLEN@GMAIL.COM', 'MANILA', 'TICKET-227'),
(225, 'ARETHA EUGENE', 27, 'MALE', 63963567, 'ARETHAEUGENE@GMAIL.COM', 'QUEZON', 'TICKET-228'),
(226, 'ARIANNE FARRAH', 39, 'MALE', 63975597, 'ARIANNEFARRAH@GMAIL.COM', 'MANILA', 'TICKET-229'),
(227, 'ARTEMIS JOAN', 31, 'FEMALE', 63906690, 'ARTEMISJOAN@GMAIL.COM', 'QUEZON', 'TICKET-230'),
(228, 'AUBREY JULIA', 34, 'MALE', 63067480, 'AUBREYJULIA@GMAIL.COM', 'MANILA', 'TICKET-231'),
(229, 'AUDREY JYOTSNA', 43, 'FEMALE', 63905444, 'AUDREYJYOTSNA@GMAIL.COM', 'MANILA', 'TICKET-232'),
(230, 'AURELIA KARISHMA', 36, 'MALE', 63962568, 'AURELIAKARISHMA@GMAIL.COM', 'QUEZON', 'TICKET-233'),
(231, 'AURORA KAYTLYN', 26, 'FEMALE', 63923679, 'AURORAKAYTLYN@GMAIL.COM', 'MANILA', 'TICKET-234'),
(232, 'AZURA LAWRENCE', 41, 'FEMALE', 63856776, 'AZURALAWRENCE@GMAIL.COM', 'MANILA', 'TICKET-235'),
(233, 'BERNICE LILLIE', 37, 'MALE', 63999722, 'BERNICELILLIE@GMAIL.COM', 'QUEZON', 'TICKET-236'),
(234, 'BERTHA LILY', 29, 'FEMALE', 63071381, 'BERTHALILY@GMAIL.COM', 'MANILA', 'TICKET-237'),
(235, 'BLANCHE LINDA', 45, 'MALE', 63369300, 'BLANCHELINDA@GMAIL.COM', 'MANILA', 'TICKET-238'),
(236, 'BRENNA LOWA', 32, 'FEMALE', 63929097, 'BRENNALOWA@GMAIL.COM', 'MANILA', 'TICKET-239'),
(237, 'BRIDGET LUCINDA', 49, 'MALE', 63937474, 'BRIDGETLUCINDA@GMAIL.COM', 'QUEZON', 'TICKET-240'),
(238, 'CALANTHA LYNNE', 33, 'MALE', 63941515, 'CALANTHALYNNE@GMAIL.COM', 'QUEZON', 'TICKET-241'),
(239, 'CALLIOPE MARY', 30, 'FEMALE', 63614141, 'CALLIOPEMARY@GMAIL.COM', 'MANILA', 'TICKET-242'),
(240, 'CELINA MEADOW', 40, 'MALE', 63746161, 'CELINAMEADOW@GMAIL.COM', 'QUEZON', 'TICKET-243'),
(241, 'CERIDWEN MOHINI', 47, 'MALE', 63888359, 'CERIDWENMOHINI@GMAIL.COM', 'MANILA', 'TICKET-244'),
(242, 'CHARMAINE ORABELLE', 24, 'FEMALE', 63987654, 'CHARMAINEORABELLE@GMAIL.COM', 'MANILA', 'TICKET-245'),
(243, 'CHRISTABEL RISHIMA', 31, 'MALE', 63393989, 'CHRISTABELRISHIMA@GMAIL.COM', 'QUEZON', 'TICKET-246'),
(244, 'CIARA ROSALEEN', 56, 'FEMALE', 63919929, 'CIARAROSALEEN@GMAIL.COM', 'QUEZON', 'TICKET-247'),
(245, 'CLEOPATRA SARAH', 28, 'MALE', 63888780, 'CLEOPATRASARAH@GMAIL.COM', 'MANILA', 'TICKET-248'),
(246, 'COSIMA STEPHEN', 39, 'FEMALE', 63888353, 'COSIMASTEPHEN@GMAIL.COM', 'MANILA', 'TICKET-249'),
(247, 'DARIA SUSAN', 44, 'MALE', 63888352, 'DARIASUSAN@GMAIL.COM', 'QUEZON', 'TICKET-250'),
(248, 'DELWYN SWARA', 27, 'FEMALE', 63888960, 'DELWYNSWARA@GMAIL.COM', 'MANILA', 'TICKET-251'),
(249, 'DILYS TAZANNA', 52, 'FEMALE', 63888975, 'DILYSTAZANNA@GMAIL.COM', 'QUEZON', 'TICKET-252'),
(250, 'DONNA VAIDEHI', 34, 'MALE', 63888967, 'DONNAVAIDEHI@GMAIL.COM', 'MANILA', 'TICKET-253'),
(251, 'DORIS VICTORIA', 36, 'FEMALE', 63888965, 'DORISVICTORIA@GMAIL.COM', 'MANILA', 'TICKET-254'),
(252, 'DRUSILLA YASHASHREE', 41, 'MALE', 63888733, 'DRUSILLAYASHASHREE@GMAIL.COM', 'MANILA', 'TICKET-255'),
(253, 'DULCIE YEDDA', 29, 'FEMALE', 63888659, 'DULCIEYEDDA@GMAIL.COM', 'QUEZON', 'TICKET-256'),
(254, 'EDANA ALEXANDER', 35, 'MALE', 63888619, 'EDANAALEXANDER@GMAIL.COM', 'QUEZON', 'TICKET-257'),
(255, 'EDNA ALEXANDRA', 26, 'FEMALE', 63888896, 'EDNAALEXANDRA@GMAIL.COM', 'QUEZON', 'TICKET-258'),
(256, 'EIRA AMITY', 38, 'FEMALE', 63888935, 'EIRAAMITY@GMAIL.COM', 'MANILA', 'TICKET-259'),
(257, 'EIRIAN/ARIAN ANDREA', 33, 'MALE', 63888956, 'EIRIAN/ARIANANDREA@GMAIL.COM', 'QUEZON', 'TICKET-260'),
(258, 'EIRLYS ARNOLD', 37, 'FEMALE', 63888311, 'EIRLYSARNOLD@GMAIL.COM', 'MANILA', 'TICKET-261'),
(259, 'ELAIN BRIAN', 46, 'MALE', 63888944, 'ELAINBRIAN@GMAIL.COM', 'MANILA', 'TICKET-262'),
(260, 'ELFLEDA BRIDGET', 30, 'MALE', 63888690, 'ELFLEDABRIDGET@GMAIL.COM', 'QUEZON', 'TICKET-263'),
(261, 'ELFREDA BUSH', 28, 'FEMALE', 63888675, 'ELFREDABUSH@GMAIL.COM', 'MANILA', 'TICKET-264'),
(262, 'ELYSIA CHAD', 23, 'FEMALE', 63888722, 'ELYSIACHAD@GMAIL.COM', 'MANILA', 'TICKET-265'),
(263, 'ERICA CHARLES', 29, 'MALE', 63888711, 'ERICACHARLES@GMAIL.COM', 'QUEZON', 'TICKET-266'),
(264, 'ERMINTRUDE DONALD', 40, 'FEMALE', 63888695, 'ERMINTRUDEDONALD@GMAIL.COM', 'QUEZON', 'TICKET-267'),
(265, 'ERNESTA DRAKE', 45, 'MALE', 63888693, 'ERNESTADRAKE@GMAIL.COM', 'MANILA', 'TICKET-268'),
(266, 'ESPERANZA EDITH', 26, 'FEMALE', 63888657, 'ESPERANZAEDITH@GMAIL.COM', 'QUEZON', 'TICKET-269'),
(267, 'EUDORA EDNA', 35, 'MALE', 63888637, 'EUDORAEDNA@GMAIL.COM', 'QUEZON', 'TICKET-270'),
(268, 'EULALIA EDWARD', 23, 'FEMALE', 63888860, 'EULALIAEDWARD@GMAIL.COM', 'QUEZON', 'TICKET-271'),
(269, 'EUNICE ERMINTRUDE', 20, 'FEMALE', 63000744, 'EUNICEERMINTRUDE@GMAIL.COM', 'MANILA', 'TICKET-272'),
(270, 'EUPHEMIA ESPERANZA', 23, 'FEMALE', 63786171, 'EUPHEMIAESPERANZA@GMAIL.COM', 'MANILA', 'TICKET-273'),
(271, 'FALLON FARAH', 35, 'MALE', 63344622, 'FALLONFARAH@GMAIL.COM', 'MANILA', 'TICKET-274'),
(272, 'FARAH FRANK', 19, 'MALE', 63888474, 'FARAHFRANK@GMAIL.COM', 'MANILA', 'TICKET-275'),
(273, 'FELICITY GEORGE', 21, 'MALE', 63888464, 'FELICITYGEORGE@GMAIL.COM', 'MANILA', 'TICKET-276'),
(274, 'FIDELIA HAROLD', 42, 'FEMALE', 63888454, 'FIDELIAHAROLD@GMAIL.COM', 'MANILA', 'TICKET-277'),
(275, 'FIDELMA HARRY', 56, 'MALE', 63888434, 'FIDELMAHARRY@GMAIL.COM', 'MANILA', 'TICKET-278'),
(276, 'FIONA HARVEY', 32, 'FEMALE', 63888433, 'FIONAHARVEY@GMAIL.COM', 'MANILA', 'TICKET-279'),
(277, 'FLORENCE HENRY', 27, 'FEMALE', 63888422, 'FLORENCEHENRY@GMAIL.COM', 'QUEZON', 'TICKET-280'),
(278, 'GENEVIEVE HILDA', 23, 'FEMALE', 63888344, 'GENEVIEVEHILDA@GMAIL.COM', 'QUEZON', 'TICKET-281'),
(279, 'GERDA JAMES', 22, 'FEMALE', 63888343, 'GERDAJAMES@GMAIL.COM', 'QUEZON', 'TICKET-282'),
(280, 'GISELLE JOHN', 19, 'MALE', 63888242, 'GISELLEJOHN@GMAIL.COM', 'MANILA', 'TICKET-283'),
(281, 'GLADYS JOSEPH', 21, 'FEMALE', 63888212, 'GLADYSJOSEPH@GMAIL.COM', 'MANILA', 'TICKET-284'),
(282, 'GLENDA KENNETH', 27, 'FEMALE', 63888211, 'GLENDAKENNETH@GMAIL.COM', 'MANILA', 'TICKET-285'),
(283, 'GODIVA KEVIN', 62, 'MALE', 63754693, 'GODIVAKEVIN@GMAIL.COM', 'MANILA', 'TICKET-286'),
(284, 'GRAINNE LEON', 34, 'FEMALE', 63888110, 'GRAINNELEON@GMAIL.COM', 'QUEZON', 'TICKET-287'),
(285, 'GRISELDA LEONARD', 22, 'FEMALE', 63888101, 'GRISELDALEONARD@GMAIL.COM', 'MANILA', 'TICKET-288'),
(286, 'GUINEVERE LOUIS', 35, 'MALE', 63456730, 'GUINEVERELOUIS@GMAIL.COM', 'QUEZON', 'TICKET-289'),
(287, 'GWYNETH LOUISA', 21, 'FEMALE', 63457663, 'GWYNETHLOUISA@GMAIL.COM', 'MANILA', 'TICKET-290'),
(288, 'HALCYON MARCUS', 19, 'FEMALE', 63439384, 'HALCYONMARCUS@GMAIL.COM', 'MANILA', 'TICKET-291'),
(289, 'HEBE MARK', 26, 'FEMALE', 63457363, 'HEBEMARK@GMAIL.COM', 'QUEZON', 'TICKET-292'),
(290, 'HELGA MATILDA', 30, 'MALE', 63621998, 'HELGAMATILDA@GMAIL.COM', 'QUEZON', 'TICKET-293'),
(291, 'ARABELLA SINCLAIR', 42, 'MALE', 62120376589, 'ARABELLASINCLAIR@GMAIL.COM', 'JAKARTA', 'TICKET-294'),
(292, 'ATALANTA REYES', 33, 'FEMALE', 841234567890, 'ATALANTAREYES@GMAIL.COM', 'HO CHI MINH', 'TICKET-295'),
(293, 'BELINDA THOMPSON', 38, 'MALE', 63120374589, 'BELINDATHOMPSON@GMAIL.COM', 'QUEZON', 'TICKET-296'),
(294, 'BIANCA RODRIGUEZ', 41, 'FEMALE', 63120847569, 'BIANCARODRIGUEZ@GMAIL.COM', 'QUEZON', 'TICKET-297'),
(295, 'CALISTA PATEL', 56, 'MALE', 63159037628, 'CALISTAPATEL@GMAIL.COM', 'MANILA', 'TICKET-298'),
(296, 'CAMILLA SANCHEZ', 29, 'MALE', 84120376589, 'CAMILLASANCHEZ@GMAIL.COM', 'HANOI', 'TICKET-299'),
(297, 'CASSANDRA NGUYEN', 36, 'FEMALE', 84119037685, 'CASSANDRANGUYEN@GMAIL.COM', 'HO CHI MINH', 'TICKET-300'),
(298, 'CELESTE MARTINEZ', 50, 'FEMALE', 63128756093, 'CELESTEMARTINEZ@GMAIL.COM', 'MANILA', 'TICKET-301'),
(299, 'CLARISSA KIM', 34, 'MALE', 62130847569, 'CLARISSAKIM@GMAIL.COM', 'JAKARTA', 'TICKET-302'),
(300, 'CORDELIA LI', 27, 'MALE', 63159037682, 'CORDELIALI@GMAIL.COM', 'MANILA', 'TICKET-303'),
(301, 'DAPHNE CHEN', 45, 'FEMALE', 62159037682, 'DAPHNECHEN@GMAIL.COM', 'JAKARTA', 'TICKET-304'),
(302, 'DOMINIQUE GARCIA', 31, 'MALE', 62119037685, 'DOMINIQUEGARCIA@GMAIL.COM', 'JAKARTA', 'TICKET-305'),
(303, 'ELODIE COOPER', 28, 'FEMALE', 841234567891, 'ELODIECOOPER@GMAIL.COM', 'HANOI', 'TICKET-306'),
(304, 'EMILIA SULLIVAN', 51, 'MALE', 841234567892, 'EMILIASULLIVAN@GMAIL.COM', 'HANOI', 'TICKET-307'),
(305, 'EVANGELINE MURPHY', 35, 'FEMALE', 62128657039, 'EVANGELINEMURPHY@GMAIL.COM', 'JAKARTA', 'TICKET-308'),
(306, 'FELICIA WILSON', 30, 'MALE', 841234567893, 'FELICIAWILSON@GMAIL.COM', 'HANOI', 'TICKET-309'),
(307, 'GABRIELLA RIVERA', 47, 'FEMALE', 63194563870, 'GABRIELLARIVERA@GMAIL.COM', 'MANILA', 'TICKET-310'),
(308, 'GWENDOLYN CARTER', 43, 'MALE', 63128756093, 'GWENDOLYNCARTER@GMAIL.COM', 'MANILA', 'TICKET-311'),
(309, 'HELENA BROOKS', 49, 'FEMALE', 63150691872, 'HELENABROOKS@GMAIL.COM', 'MANILA', 'TICKET-312'),
(310, 'IMOGEN PARKER', 26, 'MALE', 84128657039, 'IMOGENPARKER@GMAIL.COM', 'HO CHI MINH', 'TICKET-313'),
(311, 'ISADORA WRIGHT', 37, 'MALE', 84134560879, 'ISADORAWRIGHT@GMAIL.COM', 'HO CHI MINH', 'TICKET-314'),
(312, 'JESSAMINE MITCHELL', 44, 'FEMALE', 63126087395, 'JESSAMINEMITCHELL@GMAIL.COM', 'MANILA', 'TICKET-315'),
(313, 'JULIANA HILL', 48, 'MALE', 62128756093, 'JULIANAHILL@GMAIL.COM', 'SURBAYA', 'TICKET-316'),
(314, 'LEANDRA HUGHES', 39, 'MALE', 63194563870, 'LEANDRAHUGHES@GMAIL.COM', 'QUEZON', 'TICKET-317'),
(315, 'LILIANA FOSTER', 32, 'FEMALE', 62194563870, 'LILIANAFOSTER@GMAIL.COM', 'JAKARTA', 'TICKET-318');

INSERT INTO PASSENGER_C(P_ID,P_NAME,AGE,GENDER,P_ID_A,CITY,TICKETNO) VALUES
(1,'JOSHIE WALKER', 9,'FEMALE',	56,	'HO CHI MINH','TICKET-057'),
(2, 'KEVIN WALKER', 5, 'MALE', 56, 'HO CHI MINH', 'TICKET-058'),
(3, 'YUQI WANG', 6, 'FEMALE', 72, 'QUEZON', 'TICKET-074');

INSERT INTO TOTAL_PASSENGER (P_ID,P_NAME,AGE,GENDER,CITY,TICKETNO) VALUES
(1, 'EMILY JOHNSON', 23, 'FEMALE', 'HANOI', 'TICKET-001'),
(2, 'DANIEL CLARK', 35, 'MALE', 'QUEZON', 'TICKET-002'),
(3, 'ETHAN LEE', 19, 'MALE', 'QUEZON', 'TICKET-003'),
(4, 'JAMES JOHNSON', 21, 'MALE', 'MANILA', 'TICKET-004'),
(5, 'ANNA NGUYEN', 42, 'FEMALE', 'HANOI', 'TICKET-005'),
(6, 'WILLIAM TAYLOR', 56, 'MALE', 'HANOI', 'TICKET-006'),
(7, 'EMMA SMITHS', 32, 'FEMALE', 'QUEZON', 'TICKET-007'),
(8, 'SOPHIA ROBINSON', 27, 'FEMALE', 'SURABAYA', 'TICKET-008'),
(9, 'KO EUN JI', 23, 'FEMALE', 'QUEZON', 'TICKET-009'),
(10, 'AZALEE ALLEAUME', 22, 'FEMALE', 'JAKARTA', 'TICKET-010'),
(11, 'ISIDORE ALLEAUME', 19, 'MALE', 'SURABAYA', 'TICKET-011'),
(12, 'KHANH HUYEN NGUYEN', 21, 'FEMALE', 'HO CHI MINH', 'TICKET-012'),
(13, 'TINA LEE', 27, 'FEMALE', 'HO CHI MINH', 'TICKET-013'),
(14, 'AMANDA VLADIMIR', 62, 'MALE', 'JAKARTA', 'TICKET-014'),
(15, 'EUN HYE CHO', 34, 'FEMALE', 'HANOI', 'TICKET-015'),
(16, 'MARIA DEL ROSARIO', 22, 'FEMALE', 'MANILA', 'TICKET-016'),
(17, 'GABRIELA SANTOS REYES', 35, 'MALE', 'MANILA', 'TICKET-017'),
(18, 'ADHIARJA PUTRI', 21, 'FEMALE', 'JAKARTA', 'TICKET-018'),
(19, 'BONNIE ZHANG', 19, 'FEMALE', 'HO CHI MINH', 'TICKET-019'),
(20, 'MARY JANE', 26, 'FEMALE', 'MANILA', 'TICKET-020'),
(21, 'AGUNG PRABOWO', 30, 'MALE', 'SURABAYA', 'TICKET-021'),
(22, 'RYU SUK', 43, 'MALE', 'HO CHI MINH', 'TICKET-022'),
(23, 'MAI ANH TRAN', 52, 'FEMALE', 'HO CHI MINH', 'TICKET-023'),
(24, 'ELOISE BOUCHARD', 26, 'FEMALE', 'SURABAYA', 'TICKET-024'),
(25, 'BLESSICA REYES ALONZO', 19, 'FEMALE', 'MANILA', 'TICKET-025'),
(26, 'KIM JUN KYU', 25, 'MALE', 'HANOI', 'TICKET-026'),
(27, 'PARK JIHOON', 25, 'MALE', 'HANOI', 'TICKET-027'),
(28, 'LUNA WASHINGTON', 22, 'FEMALE', 'HANOI', 'TICKET-028'),
(29, 'ADIKA SANTOSO', 38, 'FEMALE', 'MANILA', 'TICKET-029'),
(30, 'SAMANTHA VILLANUEVA', 49, 'FEMALE', 'JAKARTA', 'TICKET-030'),
(31, 'NOA WILSON', 56, 'MALE', 'JAKARTA', 'TICKET-031'),
(32, 'AURORA LIM DELA ROSA', 37, 'FEMALE', 'QUEZON', 'TICKET-032'),
(33, 'ALTHEA SANTIAGO', 29, 'FEMALE', 'QUEZON', 'TICKET-033'),
(34, 'HUNG DUNG NGUYEN', 36, 'MALE', 'HANOI', 'TICKET-034'),
(35, 'MAYUMI SATO', 25, 'FEMALE', 'JAKARTA', 'TICKET-035'),
(36, 'MAYUMI SATOKO', 23, 'FEMALE', 'JAKARTA', 'TICKET-036'),
(37, 'LINH ANH TRAN', 60, 'MALE', 'HANOI', 'TICKET-037'),
(38, 'LUNINGNING ALVAREZ', 28, 'MALE', 'MANILA', 'TICKET-038'),
(39, 'MIA DELA CRUZ', 42, 'FEMALE', 'JAKARTA', 'TICKET-039'),
(40, 'HWANG GEUM JA', 53, 'FEMALE', 'QUEZON', 'TICKET-040'),
(41, 'SHERLOCK CLIFFS', 38, 'MALE', 'HANOI', 'TICKET-041'),
(42, 'ANH MINH HOANG', 35, 'MALE', 'HANOI', 'TICKET-042'),
(43, 'ROGER FEDERO', 33, 'MALE', 'SURABAYA', 'TICKET-043'),
(44, 'HENRY GARFIELDS', 47, 'MALE', 'QUEZON', 'TICKET-044'),
(45, 'ANDREA DEL ROSARIO', 19, 'FEMALE', 'QUEZON', 'TICKET-045'),
(46, 'ALEX WANG', 19, 'FEMALE', 'HO CHI MINH', 'TICKET-046'),
(47, 'LUCY DE SAINT', 23, 'FEMALE', 'MANILA', 'TICKET-047'),
(48, 'CHRISTIAN DION', 33, 'MALE', 'MANILA', 'TICKET-048'),
(49, 'LOUIS PABLO', 31, 'MALE', 'HO CHI MINH', 'TICKET-049'),
(50, 'DANIELLE GAVRI', 27, 'FEMALE', 'JAKARTA', 'TICKET-050'),
(51, 'NGOC HAN PHAM', 20, 'FEMALE', 'JAKARTA', 'TICKET-051'),
(52, 'ROSALINDA REYES', 31, 'FEMALE', 'MANILA', 'TICKET-052'),
(53, 'BITUIN SANTOS CRUZ', 28, 'MALE', 'QUEZON', 'TICKET-053'),
(54, 'RODRICK CREIG', 23, 'MALE', 'JAKARTA', 'TICKET-054'),
(55, 'JAMES WALKER', 36, 'MALE', 'HO CHI MINH', 'TICKET-055'),
(56, 'KYLIE WALKER', 32, 'FEMALE', 'HO CHI MINH', 'TICKET-056'),
(57, 'DAVID KIM', 28, 'MALE', 'MANILA', 'TICKET-059'),
(58, 'SUBRAHNA BUHMI', 20, 'FEMALE', 'SURABAYA', 'TICKET-060'),
(59, 'AVANE JOSHUA', 28, 'MALE', 'QUEZON', 'TICKET-061'),
(60, 'LIAM MITCHELL', 66, 'MALE', 'SURABAYA', 'TICKET-062'),
(61, 'THOMAS MORGAN', 45, 'MALE', 'HO CHI MINH', 'TICKET-063'),
(62, 'AIJI SARI', 22, 'FEMALE', 'SURABAYA', 'TICKET-064'),
(63, 'AMISHA ANGKASA', 32, 'FEMALE', 'JAKARTA', 'TICKET-065'),
(64, 'OLIVIA GRAYSON', 21, 'FEMALE', 'MANILA', 'TICKET-066'),
(65, 'BALDE ZEDIC', 19, 'MALE', 'QUEZON', 'TICKET-067'),
(66, 'WILLIAM BENNETT', 53, 'MALE', 'JAKARTA', 'TICKET-068'),
(67, 'KIM OANH VU', 71, 'FEMALE', 'HO CHI MINH', 'TICKET-069'),
(68, 'ABYASA WIJAYA', 58, 'MALE', 'SURABAYA', 'TICKET-070'),
(69, 'DAVID PARKER', 36, 'MALE', 'MANILA', 'TICKET-071'),
(70, 'NANCY NOLAN', 33, 'FEMALE', 'QUEZON', 'TICKET-072'),
(71, 'JOHNNY CRUISE', 67, 'MALE', 'SURABAYA', 'TICKET-073'),
(72, 'YUZANG WANG', 30, 'FEMALE', 'QUEZON', 'TICKET-075'),
(73, 'JOHN SMITH', 35, 'MALE', 'QUEZON', 'TICKET-076'),
(74, 'JANE DOE', 45, 'FEMALE', 'HANOI', 'TICKET-077'),
(75, 'DAVID LEE', 30, 'MALE', 'HANOI', 'TICKET-078'),
(76, 'QUANG BACH THAI', 55, 'MALE', 'HANOI', 'TICKET-079'),
(77, 'AHMAD KHAN', 38, 'MALE', 'HANOI', 'TICKET-080'),
(78, 'FATIMAH LIM', 42, 'FEMALE', 'HANOI', 'TICKET-081'),
(79, 'MARIA GARCIA', 28, 'FEMALE', 'HO CHI MINH', 'TICKET-082'),
(80, 'MINH TRIET NGUYEN', 40, 'MALE', 'HANOI', 'TICKET-083'),
(81, 'KIM JONG SUK', 48, 'MALE', 'HO CHI MINH', 'TICKET-084'),
(82, 'MARIA SANTOS', 25, 'FEMALE', 'HANOI', 'TICKET-085'),
(83, 'JUAN PEREZ', 33, 'MALE', 'MANILA', 'TICKET-086'),
(84, 'VAN LINH TRAN', 50, 'MALE', 'SURABAYA', 'TICKET-087'),
(85, 'OLIVIA BROWN', 29, 'FEMALE', 'QUEZON', 'TICKET-088'),
(86, 'AHMAD IBRAHIM', 37, 'MALE', 'JAKARTA', 'TICKET-089'),
(87, 'MYUNG HEE KIM', 46, 'FEMALE', 'QUEZON', 'TICKET-090'),
(88, 'THI DUNG LE', 32, 'FEMALE', 'HO CHI MINH', 'TICKET-091'),
(89, 'TANAKA SATOSHI', 27, 'MALE', 'JAKARTA', 'TICKET-092'),
(90, 'HOANG ANH DANG', 39, 'MALE', 'HO CHI MINH', 'TICKET-093'),
(91, 'EMILY WILSON', 31, 'FEMALE', 'SURABAYA', 'TICKET-094'),
(92, 'MUHAMMAD ALI', 34, 'MALE', 'SURABAYA', 'TICKET-095'),
(93, 'MARIA RODRIGUEZ', 43, 'FEMALE', 'QUEZON', 'TICKET-096'),
(94, 'LEE JOON KI', 36, 'MALE', 'HANOI', 'TICKET-097'),
(95, 'LISA TAN', 26, 'FEMALE', 'MANILA', 'TICKET-098'),
(96, 'THI THU TRAN', 41, 'FEMALE', 'HO CHI MINH', 'TICKET-099'),
(97, 'MICHAEL JOHNSON', 37, 'MALE', 'MANILA', 'TICKET-100'),
(98, 'SOPHIE MARTIN', 29, 'FEMALE', 'MANILA', 'TICKET-101'),
(99, 'HIROSHI NAKAMURA', 45, 'MALE', 'HANOI', 'TICKET-102'),
(100, 'CHOI SOO YOUNG', 32, 'FEMALE', 'HO CHI MINH', 'TICKET-103'),
(101, 'MARK REYES', 49, 'MALE', 'JAKARTA', 'TICKET-104'),
(102, 'DUC LUONG NGUYEN', 33, 'MALE', 'HANOI', 'TICKET-105'),
(103, 'ANNA KOWALSKI', 30, 'FEMALE', 'MANILA', 'TICKET-106'),
(104, 'CARLOS SILVA', 40, 'MALE', 'SURABAYA', 'TICKET-107'),
(105, 'YUDI SANTOSO', 47, 'MALE', 'QUEZON', 'TICKET-108'),
(106, 'SOFIA FERNANDEZ', 24, 'FEMALE', 'MANILA', 'TICKET-109'),
(107, 'RYUICHI TANAKA', 31, 'MALE', 'HO CHI MINH', 'TICKET-110'),
(108, 'QUYNH NHU DUONG', 56, 'FEMALE', 'HO CHI MINH', 'TICKET-111'),
(109, 'PATRICK WHITE', 28, 'MALE', 'JAKARTA', 'TICKET-112'),
(110, 'EMILY CHEN', 39, 'FEMALE', 'SURABAYA', 'TICKET-113'),
(111, 'ADITYA KUMAR', 44, 'MALE', 'JAKARTA', 'TICKET-114'),
(112, 'MARIA LIM', 27, 'FEMALE', 'MANILA', 'TICKET-115'),
(113, 'TANAKA YOSHIKO', 52, 'FEMALE', 'HO CHI MINH', 'TICKET-116'),
(114, 'DUC LONG LE', 34, 'MALE', 'HO CHI MINH', 'TICKET-117'),
(115, 'OLIVIA SMITH', 36, 'FEMALE', 'MANILA', 'TICKET-118'),
(116, 'AHMAD HASSAN', 41, 'MALE', 'MANILA', 'TICKET-119'),
(117, 'KIM EUN JI', 29, 'FEMALE', 'HANOI', 'TICKET-120'),
(118, 'EDUARDO GARCIA', 35, 'MALE', 'MANILA', 'TICKET-121'),
(119, 'SAKURA TANAKA', 26, 'FEMALE', 'HO CHI MINH', 'TICKET-122'),
(120, 'THI NAM NGUYEN', 38, 'FEMALE', 'HO CHI MINH', 'TICKET-123'),
(121, 'ROBERT BROWN', 33, 'MALE', 'MANILA', 'TICKET-124'),
(122, 'SOFIA RODRIGUEZ', 37, 'FEMALE', 'MANILA', 'TICKET-125'),
(123, 'LEE SUNG MIN', 46, 'MALE', 'HO CHI MINH', 'TICKET-126'),
(124, 'CHI THANH NGUYEN', 30, 'MALE', 'HANOI', 'TICKET-127'),
(125, 'MARIA PEREZ', 28, 'FEMALE', 'JAKARTA', 'TICKET-128'),
(126, 'QUYNH ANH NGUYEN', 23, 'FEMALE', 'HANOI', 'TICKET-129'),
(127, 'JOHN KIM', 29, 'MALE', 'MANILA', 'TICKET-130'),
(128, 'LISA NGUYEN', 40, 'FEMALE', 'HANOI', 'TICKET-131'),
(129, 'MUHAMMAD ARIF', 45, 'MALE', 'QUEZON', 'TICKET-132'),
(130, 'KIM SOO JIN', 26, 'FEMALE', 'HANOI', 'TICKET-133'),
(131, 'ALEJANDRO CRUZ', 35, 'MALE', 'SURABAYA', 'TICKET-134'),
(132, 'NGOC BICH NGUYEN', 23, 'FEMALE', 'HO CHI MINH', 'TICKET-135'),
(133, 'HUYEN ANH NGUYEN', 20, 'FEMALE', 'HO CHI MINH', 'TICKET-136'),
(134, 'NGUYEN DO TUONG', 23, 'FEMALE', 'HO CHI MINH', 'TICKET-137'),
(135, 'DAO XUAN DINH', 35, 'MALE', 'HANOI', 'TICKET-138'),
(136, 'MANH SUOR', 19, 'MALE', 'HO CHI MINH', 'TICKET-139'),
(137, 'NGUYEN NGOC DUNG', 21, 'MALE', 'HANOI', 'TICKET-140'),
(138, 'DUONG TRUNG NGUYET', 42, 'FEMALE', 'HO CHI MINH', 'TICKET-141'),
(139, 'VUONG KIEU LOAN', 56, 'MALE', 'HANOI', 'TICKET-142'),
(140, 'DOAN THANH SANG', 32, 'FEMALE', 'HANOI', 'TICKET-143'),
(141, 'NGUYEN THI ANH TUYET', 27, 'FEMALE', 'HO CHI MINH', 'TICKET-144'),
(142, 'KIM JONG SUNG', 23, 'FEMALE', 'HO CHI MINH', 'TICKET-145'),
(143, 'VU THI THAO NGUYEN', 22, 'FEMALE', 'HANOI', 'TICKET-146'),
(144, 'TRUONG QUANG CANG', 19, 'MALE', 'HO CHI MINH', 'TICKET-147'),
(145, 'BUI THI HONG OANH', 21, 'FEMALE', 'HANOI', 'TICKET-148'),
(146, 'NGUYEN THANH SON', 27, 'FEMALE', 'HANOI', 'TICKET-149'),
(147, 'NGUYEN THAI HUNG', 62, 'MALE', 'HANOI', 'TICKET-150'),
(148, 'TRA THANH HAU', 34, 'FEMALE', 'HANOI', 'TICKET-151'),
(149, 'TA VINH LOC', 22, 'FEMALE', 'HO CHI MINH', 'TICKET-152'),
(150, 'BUI THI DIU', 35, 'MALE', 'HANOI', 'TICKET-153'),
(151, 'LE CONG HOA', 21, 'FEMALE', 'HANOI', 'TICKET-154'),
(152, 'PHAM DUC THIEN', 19, 'FEMALE', 'HO CHI MINH', 'TICKET-155'),
(153, 'LAM VINH', 26, 'FEMALE', 'HANOI', 'TICKET-156'),
(154, 'VO DINH QUANG', 30, 'MALE', 'HANOI', 'TICKET-157'),
(155, 'PHAN THI HOANG MAI', 43, 'MALE', 'HANOI', 'TICKET-158'),
(156, 'TRAN NU ANH THU', 52, 'FEMALE', 'HANOI', 'TICKET-159'),
(157, 'TRAN MINH TRI', 26, 'FEMALE', 'HO CHI MINH', 'TICKET-160'),
(158, 'DO VIET PHUONG', 19, 'FEMALE', 'HANOI', 'TICKET-161'),
(159, 'NGUYEN VIET MINH CHAU', 25, 'MALE', 'HO CHI MINH', 'TICKET-162'),
(160, 'HO SY QUY', 25, 'MALE', 'HANOI', 'TICKET-163'),
(161, 'LE DAI PHONG', 22, 'FEMALE', 'HO CHI MINH', 'TICKET-164'),
(162, 'PHAN THI NGOC DIEP', 38, 'FEMALE', 'HANOI', 'TICKET-165'),
(163, 'NGUYEN KHANH', 49, 'FEMALE', 'HANOI', 'TICKET-166'),
(164, 'TRAN KIM HIEU', 56, 'MALE', 'HANOI', 'TICKET-167'),
(165, 'NGUYEN THI VI', 37, 'FEMALE', 'HANOI', 'TICKET-168'),
(166, 'CAI MINH HOANG', 29, 'FEMALE', 'HO CHI MINH', 'TICKET-169'),
(167, 'DOAN THANH TAM', 36, 'MALE', 'HO CHI MINH', 'TICKET-170'),
(168, 'TRAN VINH QUANG', 25, 'FEMALE', 'HANOI', 'TICKET-171'),
(169, 'NGUYEN THI DANG', 23, 'FEMALE', 'HO CHI MINH', 'TICKET-172'),
(170, 'LE QUANG LAP', 60, 'MALE', 'HO CHI MINH', 'TICKET-173'),
(171, 'NGUYEN DUC THO', 28, 'MALE', 'HANOI', 'TICKET-174'),
(172, 'LE VAN DUNG', 42, 'FEMALE', 'HANOI', 'TICKET-175'),
(173, 'LE HUY NGOC', 53, 'FEMALE', 'HO CHI MINH', 'TICKET-176'),
(174, 'LE BA THANG', 38, 'MALE', 'HO CHI MINH', 'TICKET-177'),
(175, 'TRAN THUY DANG THU', 35, 'MALE', 'HO CHI MINH', 'TICKET-178'),
(176, 'DUONG THI DIEM MY', 33, 'MALE', 'HO CHI MINH', 'TICKET-179'),
(177, 'NGUYEN THANH NINH', 47, 'MALE', 'HANOI', 'TICKET-180'),
(178, 'NGUYEN VAN AN', 19, 'FEMALE', 'HO CHI MINH', 'TICKET-181'),
(179, 'PHAM TIEN KHOA', 19, 'FEMALE', 'HO CHI MINH', 'TICKET-182'),
(180, 'HOANG DANH KHAI', 23, 'FEMALE', 'HO CHI MINH', 'TICKET-183'),
(181, 'HUYNH KIM CUC', 33, 'MALE', 'HANOI', 'TICKET-184'),
(182, 'NGUYEN HONG VAN', 31, 'MALE', 'HANOI', 'TICKET-185'),
(183, 'LE THI MY LE', 27, 'FEMALE', 'HO CHI MINH', 'TICKET-186'),
(184, 'DANG VAN TOAN', 20, 'FEMALE', 'HO CHI MINH', 'TICKET-187'),
(185, 'DAO NGOC TIEU', 31, 'FEMALE', 'HANOI', 'TICKET-188'),
(186, 'LE VAN NHIEU', 28, 'MALE', 'HO CHI MINH', 'TICKET-189'),
(187, 'TRAN VAN HIEU', 23, 'MALE', 'HANOI', 'TICKET-190'),
(188, 'NGUYEN THANH BINH', 36, 'MALE', 'HANOI', 'TICKET-191'),
(189, 'PHUNG THUY TRANG', 32, 'FEMALE', 'HANOI', 'TICKET-192'),
(190, 'DANG HA HUU DUC', 19, 'FEMALE', 'HANOI', 'TICKET-193'),
(191, 'TRAN QUANG CHIEN', 25, 'MALE', 'HANOI', 'TICKET-194'),
(192, 'LE MINH TAN', 28, 'MALE', 'HANOI', 'TICKET-195'),
(193, 'MAI THANH TUAN', 20, 'FEMALE', 'HANOI', 'TICKET-196'),
(194, 'HUYNH DUC PHUC', 28, 'MALE', 'HANOI', 'TICKET-197'),
(195, 'DINH CHI VINH', 66, 'MALE', 'HO CHI MINH', 'TICKET-198'),
(196, 'NGUYEN TIEN DUC', 45, 'MALE', 'HO CHI MINH', 'TICKET-199'),
(197, 'DAU DUC TAN', 22, 'FEMALE', 'HO CHI MINH', 'TICKET-200'),
(198, 'HA QUOC VIET', 32, 'FEMALE', 'HANOI', 'TICKET-201'),
(199, 'NGUYEN THU HA', 21, 'FEMALE', 'HANOI', 'TICKET-202'),
(200, 'NGUYEN VAN TUYEN', 19, 'MALE', 'HO CHI MINH', 'TICKET-203'),
(201, 'PHAN THI LAN HUONG', 53, 'MALE', 'HO CHI MINH', 'TICKET-204'),
(202, 'HOANG NGOC HIEU', 71, 'FEMALE', 'HO CHI MINH', 'TICKET-205'),
(203, 'DOAN TIEN HUNG', 58, 'MALE', 'HANOI', 'TICKET-206'),
(204, 'NGUYEN XUAN VIET', 36, 'MALE', 'HO CHI MINH', 'TICKET-207'),
(205, 'TRAN THAI BINH', 33, 'FEMALE', 'HANOI', 'TICKET-208'),
(206, 'DOAN HUU TIEN', 67, 'MALE', 'HO CHI MINH', 'TICKET-209'),
(207, 'ACACIA AARON', 36, 'FEMALE', 'MANILA', 'TICKET-210'),
(208, 'ADELA ABHAYA', 30, 'FEMALE', 'QUEZON', 'TICKET-211'),
(209, 'ADELAIDE AKSHITA', 35, 'MALE', 'QUEZON', 'TICKET-212'),
(210, 'AGATHA ALICE', 45, 'FEMALE', 'MANILA', 'TICKET-213'),
(211, 'AGNES AMBAR', 30, 'MALE', 'QUEZON', 'TICKET-214'),
(212, 'ALETHEA AMRITA', 55, 'MALE', 'MANILA', 'TICKET-215'),
(213, 'ALIDA ANNA', 38, 'MALE', 'MANILA', 'TICKET-216'),
(214, 'ALIYAH AVANKITA', 42, 'FEMALE', 'QUEZON', 'TICKET-217'),
(215, 'ALMA BELINDA', 28, 'FEMALE', 'QUEZON', 'TICKET-218'),
(216, 'ALMIRA BELLA', 40, 'MALE', 'QUEZON', 'TICKET-219'),
(217, 'ALULA BOBBY', 48, 'MALE', 'QUEZON', 'TICKET-220'),
(218, 'ALVA BONITA', 25, 'FEMALE', 'MANILA', 'TICKET-221'),
(219, 'AMANDA DHARA', 33, 'MALE', 'MANILA', 'TICKET-222'),
(220, 'AMELINDA DIANA', 50, 'MALE', 'MANILA', 'TICKET-223'),
(221, 'AMITY DONATELLA', 29, 'FEMALE', 'QUEZON', 'TICKET-224'),
(222, 'ANGELA ELISE', 37, 'MALE', 'MANILA', 'TICKET-225'),
(223, 'ANNABELLA ELLA', 46, 'FEMALE', 'MANILA', 'TICKET-226'),
(224, 'ANTHEA ELLEN', 32, 'FEMALE', 'MANILA', 'TICKET-227'),
(225, 'ARETHA EUGENE', 27, 'MALE', 'QUEZON', 'TICKET-228'),
(226, 'ARIANNE FARRAH', 39, 'MALE', 'MANILA', 'TICKET-229'),
(227, 'ARTEMIS JOAN', 31, 'FEMALE', 'QUEZON', 'TICKET-230'),
(228, 'AUBREY JULIA', 34, 'MALE', 'MANILA', 'TICKET-231'),
(229, 'AUDREY JYOTSNA', 43, 'FEMALE', 'MANILA', 'TICKET-232'),
(230, 'AURELIA KARISHMA', 36, 'MALE', 'QUEZON', 'TICKET-233'),
(231, 'AURORA KAYTLYN', 26, 'FEMALE', 'MANILA', 'TICKET-234'),
(232, 'AZURA LAWRENCE', 41, 'FEMALE', 'MANILA', 'TICKET-235'),
(233, 'BERNICE LILLIE', 37, 'MALE', 'QUEZON', 'TICKET-236'),
(234, 'BERTHA LILY', 29, 'FEMALE', 'MANILA', 'TICKET-237'),
(235, 'BLANCHE LINDA', 45, 'MALE', 'MANILA', 'TICKET-238'),
(236, 'BRENNA LOWA', 32, 'FEMALE', 'MANILA', 'TICKET-239'),
(237, 'BRIDGET LUCINDA', 49, 'MALE', 'QUEZON', 'TICKET-240'),
(238, 'CALANTHA LYNNE', 33, 'MALE', 'QUEZON', 'TICKET-241'),
(239, 'CALLIOPE MARY', 30, 'FEMALE', 'MANILA', 'TICKET-242'),
(240, 'CELINA MEADOW', 40, 'MALE', 'QUEZON', 'TICKET-243'),
(241, 'CERIDWEN MOHINI', 47, 'MALE', 'MANILA', 'TICKET-244'),
(242, 'CHARMAINE ORABELLE', 24, 'FEMALE', 'MANILA', 'TICKET-245'),
(243, 'CHRISTABEL RISHIMA', 31, 'MALE', 'QUEZON', 'TICKET-246'),
(244, 'CIARA ROSALEEN', 56, 'FEMALE', 'QUEZON', 'TICKET-247'),
(245, 'CLEOPATRA SARAH', 28, 'MALE', 'MANILA', 'TICKET-248'),
(246, 'COSIMA STEPHEN', 39, 'FEMALE', 'MANILA', 'TICKET-249'),
(247, 'DARIA SUSAN', 44, 'MALE', 'QUEZON', 'TICKET-250'),
(248, 'DELWYN SWARA', 27, 'FEMALE', 'MANILA', 'TICKET-251'),
(249, 'DILYS TAZANNA', 52, 'FEMALE', 'QUEZON', 'TICKET-252'),
(250, 'DONNA VAIDEHI', 34, 'MALE', 'MANILA', 'TICKET-253'),
(251, 'DORIS VICTORIA', 36, 'FEMALE', 'MANILA', 'TICKET-254'),
(252, 'DRUSILLA YASHASHREE', 41, 'MALE', 'MANILA', 'TICKET-255'),
(253, 'DULCIE YEDDA', 29, 'FEMALE', 'QUEZON', 'TICKET-256'),
(254, 'EDANA ALEXANDER', 35, 'MALE', 'QUEZON', 'TICKET-257'),
(255, 'EDNA ALEXANDRA', 26, 'FEMALE', 'QUEZON', 'TICKET-258'),
(256, 'EIRA AMITY', 38, 'FEMALE', 'MANILA', 'TICKET-259'),
(257, 'EIRIAN/ARIAN ANDREA', 33, 'MALE', 'QUEZON', 'TICKET-260'),
(258, 'EIRLYS ARNOLD', 37, 'FEMALE', 'MANILA', 'TICKET-261'),
(259, 'ELAIN BRIAN', 46, 'MALE', 'MANILA', 'TICKET-262'),
(260, 'ELFLEDA BRIDGET', 30, 'MALE', 'QUEZON', 'TICKET-263'),
(261, 'ELFREDA BUSH', 28, 'FEMALE', 'MANILA', 'TICKET-264'),
(262, 'ELYSIA CHAD', 23, 'FEMALE', 'MANILA', 'TICKET-265'),
(263, 'ERICA CHARLES', 29, 'MALE', 'QUEZON', 'TICKET-266'),
(264, 'ERMINTRUDE DONALD', 40, 'FEMALE', 'QUEZON', 'TICKET-267'),
(265, 'ERNESTA DRAKE', 45, 'MALE', 'MANILA', 'TICKET-268'),
(266, 'ESPERANZA EDITH', 26, 'FEMALE', 'QUEZON', 'TICKET-269'),
(267, 'EUDORA EDNA', 35, 'MALE', 'QUEZON', 'TICKET-270'),
(268, 'EULALIA EDWARD', 23, 'FEMALE', 'QUEZON', 'TICKET-271'),
(269, 'EUNICE ERMINTRUDE', 20, 'FEMALE', 'MANILA', 'TICKET-272'),
(270, 'EUPHEMIA ESPERANZA', 23, 'FEMALE', 'MANILA', 'TICKET-273'),
(271, 'FALLON FARAH', 35, 'MALE', 'MANILA', 'TICKET-274'),
(272, 'FARAH FRANK', 19, 'MALE', 'MANILA', 'TICKET-275'),
(273, 'FELICITY GEORGE', 21, 'MALE', 'MANILA', 'TICKET-276'),
(274, 'FIDELIA HAROLD', 42, 'FEMALE', 'MANILA', 'TICKET-277'),
(275, 'FIDELMA HARRY', 56, 'MALE', 'MANILA', 'TICKET-278'),
(276, 'FIONA HARVEY', 32, 'FEMALE', 'MANILA', 'TICKET-279'),
(277, 'FLORENCE HENRY', 27, 'FEMALE', 'QUEZON', 'TICKET-280'),
(278, 'GENEVIEVE HILDA', 23, 'FEMALE', 'QUEZON', 'TICKET-281'),
(279, 'GERDA JAMES', 22, 'FEMALE', 'QUEZON', 'TICKET-282'),
(280, 'GISELLE JOHN', 19, 'MALE', 'MANILA', 'TICKET-283'),
(281, 'GLADYS JOSEPH', 21, 'FEMALE', 'MANILA', 'TICKET-284'),
(282, 'GLENDA KENNETH', 27, 'FEMALE', 'MANILA', 'TICKET-285'),
(283, 'GODIVA KEVIN', 62, 'MALE', 'MANILA', 'TICKET-286'),
(284, 'GRAINNE LEON', 34, 'FEMALE', 'QUEZON', 'TICKET-287'),
(285, 'GRISELDA LEONARD', 22, 'FEMALE', 'MANILA', 'TICKET-288'),
(286, 'GUINEVERE LOUIS', 35, 'MALE', 'QUEZON', 'TICKET-289'),
(287, 'GWYNETH LOUISA', 21, 'FEMALE', 'MANILA', 'TICKET-290'),
(288, 'HALCYON MARCUS', 19, 'FEMALE', 'MANILA', 'TICKET-291'),
(289, 'HEBE MARK', 26, 'FEMALE', 'QUEZON', 'TICKET-292'),
(290, 'HELGA MATILDA', 30, 'MALE', 'QUEZON', 'TICKET-293'),
(291, 'ARABELLA SINCLAIR', 42, 'MALE', 'JAKARTA', 'TICKET-294'),
(292, 'ATALANTA REYES', 33, 'FEMALE', 'HO CHI MINH', 'TICKET-295'),
(293, 'BELINDA THOMPSON', 38, 'MALE', 'QUEZON', 'TICKET-296'),
(294, 'BIANCA RODRIGUEZ', 41, 'FEMALE', 'QUEZON', 'TICKET-297'),
(295, 'CALISTA PATEL', 56, 'MALE', 'MANILA', 'TICKET-298'),
(296, 'CAMILLA SANCHEZ', 29, 'MALE', 'HANOI', 'TICKET-299'),
(297, 'CASSANDRA NGUYEN', 36, 'FEMALE', 'HO CHI MINH', 'TICKET-300'),
(298, 'CELESTE MARTINEZ', 50, 'FEMALE', 'MANILA', 'TICKET-301'),
(299, 'CLARISSA KIM', 34, 'MALE', 'JAKARTA', 'TICKET-302'),
(300, 'CORDELIA LI', 27, 'MALE', 'MANILA', 'TICKET-303'),
(301, 'DAPHNE CHEN', 45, 'FEMALE', 'JAKARTA', 'TICKET-304'),
(302, 'DOMINIQUE GARCIA', 31, 'MALE', 'JAKARTA', 'TICKET-305'),
(303, 'ELODIE COOPER', 28, 'FEMALE', 'HANOI', 'TICKET-306'),
(304, 'EMILIA SULLIVAN', 51, 'MALE', 'HANOI', 'TICKET-307'),
(305, 'EVANGELINE MURPHY', 35, 'FEMALE', 'JAKARTA', 'TICKET-308'),
(306, 'FELICIA WILSON', 30, 'MALE', 'HANOI', 'TICKET-309'),
(307, 'GABRIELLA RIVERA', 47, 'FEMALE', 'MANILA', 'TICKET-310'),
(308, 'GWENDOLYN CARTER', 43, 'MALE', 'MANILA', 'TICKET-311'),
(309, 'HELENA BROOKS', 49, 'FEMALE', 'MANILA', 'TICKET-312'),
(310, 'IMOGEN PARKER', 26, 'MALE', 'HO CHI MINH', 'TICKET-313'),
(311, 'ISADORA WRIGHT', 37, 'MALE', 'HO CHI MINH', 'TICKET-314'),
(312, 'JESSAMINE MITCHELL', 44, 'FEMALE', 'MANILA', 'TICKET-315'),
(313, 'JULIANA HILL', 48, 'MALE', 'SURABAYA', 'TICKET-316'),
(314, 'LEANDRA HUGHES', 39, 'MALE', 'QUEZON', 'TICKET-317'),
(315, 'LILIANA FOSTER', 32, 'FEMALE', 'JAKARTA', 'TICKET-318'),
(316, 'JOSHIE WALKER', 9, 'FEMALE', 'HO CHI MINH', 'TICKET-057'),
(317, 'KEVIN WALKER', 5, 'MALE', 'HO CHI MINH', 'TICKET-058'),
(318, 'YUQI WANG', 6, 'FEMALE', 'QUEZON', 'TICKET-074');


----SELECT
SELECT* FROM AIRPLANE;
SELECT* FROM FLIGHT;
SELECT* FROM AIRPORT;
SELECT* FROM CABIN_CREW;
SELECT* FROM BOOKING_OFFICE;
SELECT* FROM CLASS_TYPE;
SELECT* FROM FARE;
SELECT* FROM TICKET;
SELECT* FROM PASSENGER_A;
SELECT* FROM PASSENGER_C;
SELECT * FROM TOTAL_PASSENGER;

----DASHBOARD
--FOR CUSTOMER
--1. AGE CLASSIFICATION OF PASSENGERS 
SELECT 
CASE
WHEN AGE BETWEEN 0 AND 10 THEN '0-10'
WHEN AGE BETWEEN 10 AND 20 THEN '10-20'
WHEN AGE BETWEEN 21 AND 30 THEN '21-30'
WHEN AGE BETWEEN 31 AND 40 THEN '31-40'
WHEN AGE BETWEEN 41 AND 50 THEN '41-50'
WHEN AGE BETWEEN 51 AND 60 THEN '51-60'
WHEN AGE BETWEEN 61 AND 70 THEN '61-70'
WHEN AGE BETWEEN 71 AND 80 THEN '71-80'
END AS AGE_GROUP,
COUNT(*) AS NUM_OF_PEOPLE
FROM TOTAL_PASSENGER
GROUP BY 
CASE
WHEN AGE BETWEEN 0 AND 10 THEN '0-10'
WHEN AGE BETWEEN 10 AND 20 THEN '10-20'
WHEN AGE BETWEEN 21 AND 30 THEN '21-30'
WHEN AGE BETWEEN 31 AND 40 THEN '31-40'
WHEN AGE BETWEEN 41 AND 50 THEN '41-50'
WHEN AGE BETWEEN 51 AND 60 THEN '51-60'
WHEN AGE BETWEEN 61 AND 70 THEN '61-70'
WHEN AGE BETWEEN 71 AND 80 THEN '71-80'
END;

--2.AVERAGE TICKET'S PRICE PER COUNTRY
SELECT 
A.COUNTRY,
AVG(CAST(FA.FINAL_PRICE AS DECIMAL(10, 2))) AS AVERAGE_PRICE
FROM 
AIRPORT A
INNER JOIN FLIGHT F ON A.FLIGHTNO = F.FLIGHTNO
INNER JOIN CLASS_TYPE CT ON F.FLIGHTNO = CT.FLIGHTNO
INNER JOIN FARE FA ON CT.C_TYPE_ID = FA.C_TYPE_ID
GROUP BY 
A.COUNTRY;

--3. PERCENTAGE OF FLIGHT CLASSES 
SELECT CLASS_TYPE, COUNT(CLASS_TYPE) AS QUANTITY,ROUND((COUNT(CLASS_TYPE) * 100.0 / SUM(COUNT(CLASS_TYPE)) OVER()), 2) AS PERCENTAGE
FROM TICKET
WHERE CLASS_TYPE IN ('ECONOMY CLASS','BUSINESS CLASS', 'PRIVATE CLASS')
GROUP BY CLASS_TYPE;

--4.NUMBER OF FLIGHT PER WEEKS IN EACH COUNTRY --
--THANG 9--
SELECT 	A.COUNTRY,
SUM(CASE WHEN DAY(T.PAYMENT_DATE) BETWEEN 1 AND 7 THEN 1 ELSE 0 END) AS 'WEEK 1',
SUM(CASE WHEN DAY(T.PAYMENT_DATE) BETWEEN 8 AND 14 THEN 1 ELSE 0 END) AS 'WEEK 2',
SUM(CASE WHEN DAY(T.PAYMENT_DATE) BETWEEN 15 AND 21 THEN 1 ELSE 0 END) AS 'WEEK 3',
SUM(CASE WHEN DAY(T.PAYMENT_DATE) BETWEEN 22 AND 31 THEN 1 ELSE 0 END) AS 'WEEK 4'
FROM AIRPORT A 
INNER JOIN BOOKING_OFFICE BO ON A.FLIGHTNO = BO.FLIGHTNO
INNER JOIN TICKET T ON BO.OFFICE_ID = T.OFFICE_ID
WHERE  MONTH(T.PAYMENT_DATE) = 9
GROUP BY A.COUNTRY 
--THANG 10--
SELECT 	A.COUNTRY,
SUM(CASE WHEN DAY(T.PAYMENT_DATE) BETWEEN 1 AND 7 THEN 1 ELSE 0 END) AS 'WEEK 1',
SUM(CASE WHEN DAY(T.PAYMENT_DATE) BETWEEN 8 AND 14 THEN 1 ELSE 0 END) AS 'WEEK 2',
SUM(CASE WHEN DAY(T.PAYMENT_DATE) BETWEEN 15 AND 21 THEN 1 ELSE 0 END) AS 'WEEK 3',
SUM(CASE WHEN DAY(T.PAYMENT_DATE) BETWEEN 22 AND 31 THEN 1 ELSE 0 END) AS 'WEEK 4'
FROM AIRPORT A 
INNER JOIN BOOKING_OFFICE BO ON A.FLIGHTNO = BO.FLIGHTNO
INNER JOIN TICKET T ON BO.OFFICE_ID = T.OFFICE_ID
WHERE  MONTH(T.PAYMENT_DATE) = 10
GROUP BY A.COUNTRY 
--THANG 11--
SELECT 	A.COUNTRY,
SUM(CASE WHEN DAY(T.PAYMENT_DATE) BETWEEN 1 AND 7 THEN 1 ELSE 0 END) AS 'WEEK 1',
SUM(CASE WHEN DAY(T.PAYMENT_DATE) BETWEEN 8 AND 14 THEN 1 ELSE 0 END) AS 'WEEK 2',
SUM(CASE WHEN DAY(T.PAYMENT_DATE) BETWEEN 15 AND 21 THEN 1 ELSE 0 END) AS 'WEEK 3',
SUM(CASE WHEN DAY(T.PAYMENT_DATE) BETWEEN 22 AND 31 THEN 1 ELSE 0 END) AS 'WEEK 4'
FROM AIRPORT A 
INNER JOIN BOOKING_OFFICE BO ON A.FLIGHTNO = BO.FLIGHTNO
INNER JOIN TICKET T ON BO.OFFICE_ID = T.OFFICE_ID
WHERE  MONTH(T.PAYMENT_DATE) = 11
GROUP BY A.COUNTRY 


--FOR CEO
--1. NUMBER OF BOOKED CLASS
SELECT CLASS_TYPE, COUNT(CLASS_TYPE) AS NUM_OF_CLASS,ROUND((COUNT(CLASS_TYPE) * 100.0 / SUM(COUNT(CLASS_TYPE)) OVER()), 2) AS PERCENTAGE
FROM TICKET
WHERE CLASS_TYPE IN ('ECONOMY CLASS','BUSINESS CLASS', 'PRIVATE CLASS')
GROUP BY CLASS_TYPE;

--2. PROFITS BY COUNTRY 
SELECT
A.COUNTRY,
SUM(CAST(FARE.COST AS DECIMAL(10, 2))) AS PROFIT
FROM 
AIRPORT A
INNER JOIN FLIGHT F ON A.FLIGHTNO = F.FLIGHTNO
INNER JOIN BOOKING_OFFICE BO ON F.FLIGHTNO = BO.FLIGHTNO
INNER JOIN TICKET T ON BO.OFFICE_ID = T.OFFICE_ID
INNER JOIN CLASS_TYPE CT ON F.FLIGHTNO = CT.FLIGHTNO
INNER JOIN FARE ON CT.C_TYPE_ID = FARE.C_TYPE_ID
GROUP BY A.COUNTRY;

--3.REVENUE BY TYPE OF TICKET	
SELECT
  CLASS_TYPE.CLASS_TYPE,
  SUM(CAST(FARE.FINAL_PRICE AS DECIMAL(10, 2))) AS REVENUE
FROM TICKET
JOIN CLASS_TYPE ON TICKET.OFFICE_ID = CLASS_TYPE.OFFICE_ID
JOIN FARE ON CLASS_TYPE.C_TYPE_ID = FARE.C_TYPE_ID
GROUP BY CLASS_TYPE.CLASS_TYPE;

--4. NUMBER OF BOOKED FLIGHT 
SELECT A.CITY, COUNT(T.SEATNO) AS NUM_OF_FLIGHT
FROM AIRPORT A
INNER JOIN FLIGHT F ON A.FLIGHTNO = F.FLIGHTNO
INNER JOIN BOOKING_OFFICE BO ON F.FLIGHTNO =BO.FLIGHTNO
LEFT JOIN TICKET T ON BO.OFFICE_ID=T.OFFICE_ID
WHERE T.OFFICE_ID IN ('MNLOBO','HNOBO', 'HCMOBO','JKTOBO','SRBOBO','QZOBO')
GROUP BY A.CITY ;




--FOR MANAGEMENT
--1. NUMBER OF BOOKED FLIGHTS--
SELECT A.COUNTRY, COUNT(T.SEATNO) AS NUM_OF_FLIGHT 
FROM AIRPORT A
INNER JOIN FLIGHT F ON A.FLIGHTNO = F.FLIGHTNO
INNER JOIN BOOKING_OFFICE BO ON F.FLIGHTNO =BO.FLIGHTNO
LEFT JOIN TICKET T ON BO.OFFICE_ID=T.OFFICE_ID
WHERE T.OFFICE_ID IN ('MNLOBO','HNOBO', 'HCMOBO','JKTOBO','SRBOBO','QZOBO')
GROUP BY A.COUNTRY;

--2. REVENUE AND OPERATING COST RATE 
SELECT 
A.COUNTRY, 
SUM(CAST(FARE.OPERATION_COST AS DECIMAL(10, 2))) AS OPERATION_COST,
SUM(CAST(FARE.FINAL_PRICE AS DECIMAL(10, 2))) AS REVENUE
FROM 
AIRPORT A
INNER JOIN FLIGHT F ON A.FLIGHTNO = F.FLIGHTNO
INNER JOIN BOOKING_OFFICE BO ON F.FLIGHTNO = BO.FLIGHTNO
INNER JOIN TICKET T ON BO.OFFICE_ID = T.OFFICE_ID
INNER JOIN CLASS_TYPE CT ON F.FLIGHTNO = CT.FLIGHTNO
INNER JOIN FARE ON CT.C_TYPE_ID = FARE.C_TYPE_ID
GROUP BY 
A.COUNTRY;

--3. REVENUE GROWTH RATE--
SELECT
  CLASS_TYPE.CLASS_TYPE AS CLASS,
  BOOKING_OFFICE.OFFICE_ID,
  SUM(CAST(FARE.FINAL_PRICE AS DECIMAL(10, 2))) AS REVENUE
FROM TICKET
JOIN BOOKING_OFFICE ON TICKET.OFFICE_ID = BOOKING_OFFICE.OFFICE_ID
JOIN CLASS_TYPE ON BOOKING_OFFICE.OFFICE_ID = CLASS_TYPE.OFFICE_ID
JOIN FARE ON CLASS_TYPE.C_TYPE_ID = FARE.C_TYPE_ID
GROUP BY CLASS_TYPE.CLASS_TYPE, BOOKING_OFFICE.OFFICE_ID
ORDER BY CLASS_TYPE.CLASS_TYPE, BOOKING_OFFICE.OFFICE_ID;

--4. PROFIT FOR EACH AREA 
SELECT
A.COUNTRY,
SUM(CAST(FARE.COST AS DECIMAL(10, 2))) AS PROFIT
FROM 
AIRPORT A
INNER JOIN FLIGHT F ON A.FLIGHTNO = F.FLIGHTNO
INNER JOIN BOOKING_OFFICE BO ON F.FLIGHTNO = BO.FLIGHTNO
INNER JOIN TICKET T ON BO.OFFICE_ID = T.OFFICE_ID
INNER JOIN CLASS_TYPE CT ON F.FLIGHTNO = CT.FLIGHTNO
INNER JOIN FARE ON CT.C_TYPE_ID = FARE.C_TYPE_ID
GROUP BY A.COUNTRY;

